txn_id,thread_id,latency_ms,retries
1,NoSQL-STM-thread-1,256.7763328552246,0
849,NoSQL-STM-thread-849,266.6332721710205,0
2,NoSQL-STM-thread-2,603.0659675598145,0
3,NoSQL-STM-thread-3,654.2768478393555,0
1511,NoSQL-STM-thread-1511,211.6384506225586,0
118,NoSQL-STM-thread-118,768.3188915252686,0
11,NoSQL-STM-thread-11,856.2846183776855,0
12,NoSQL-STM-thread-12,857.5940132141113,0
1812,NoSQL-STM-thread-1812,255.70225715637207,0
40,NoSQL-STM-thread-40,927.8645515441895,0
46,NoSQL-STM-thread-46,1118.879795074463,0
51,NoSQL-STM-thread-51,1159.3286991119385,0
52,NoSQL-STM-thread-52,1212.6874923706055,0
63,NoSQL-STM-thread-63,1248.6515045166016,0
27,NoSQL-STM-thread-27,1276.275634765625,0
152,NoSQL-STM-thread-152,1225.355863571167,0
28,NoSQL-STM-thread-28,1346.5807437896729,0
81,NoSQL-STM-thread-81,1369.5085048675537,0
75,NoSQL-STM-thread-75,1371.757984161377,0
66,NoSQL-STM-thread-66,1416.3639545440674,0
88,NoSQL-STM-thread-88,1452.98433303833,0
96,NoSQL-STM-thread-96,1452.8589248657227,0
57,NoSQL-STM-thread-57,1475.2676486968994,0
7,NoSQL-STM-thread-7,2135.53524017334,0
190,NoSQL-STM-thread-190,2108.13045501709,0
22,NoSQL-STM-thread-22,2205.169916152954,0
198,NoSQL-STM-thread-198,2143.82004737854,0
35,NoSQL-STM-thread-35,2261.7268562316895,0
86,NoSQL-STM-thread-86,2249.3128776550293,0
222,NoSQL-STM-thread-222,2222.357988357544,0
23,NoSQL-STM-thread-23,2298.4936237335205,0
139,NoSQL-STM-thread-139,2247.6773262023926,0
89,NoSQL-STM-thread-89,2336.714029312134,0
227,NoSQL-STM-thread-227,2275.6478786468506,0
59,NoSQL-STM-thread-59,2445.591449737549,0
48,NoSQL-STM-thread-48,3121.0432052612305,0
82,NoSQL-STM-thread-82,3159.0774059295654,0
34,NoSQL-STM-thread-34,3171.8626022338867,0
72,NoSQL-STM-thread-72,3162.1947288513184,0
4,NoSQL-STM-thread-4,3194.3299770355225,0
270,NoSQL-STM-thread-270,3129.6541690826416,0
93,NoSQL-STM-thread-93,3199.6278762817383,0
272,NoSQL-STM-thread-272,3129.8861503601074,0
252,NoSQL-STM-thread-252,3136.319398880005,0
267,NoSQL-STM-thread-267,3135.2007389068604,0
14,NoSQL-STM-thread-14,3325.692653656006,0
33,NoSQL-STM-thread-33,3324.958086013794,0
284,NoSQL-STM-thread-284,3234.6482276916504,0
307,NoSQL-STM-thread-307,3391.6661739349365,0
76,NoSQL-STM-thread-76,4153.713941574097,0
67,NoSQL-STM-thread-67,4181.702375411987,0
154,NoSQL-STM-thread-154,4137.670278549194,0
323,NoSQL-STM-thread-323,4094.266891479492,0
61,NoSQL-STM-thread-61,4189.735174179077,0
329,NoSQL-STM-thread-329,4105.229377746582,0
332,NoSQL-STM-thread-332,4122.676134109497,0
333,NoSQL-STM-thread-333,4126.854658126831,0
328,NoSQL-STM-thread-328,4128.98588180542,0
78,NoSQL-STM-thread-78,4220.746040344238,0
69,NoSQL-STM-thread-69,4231.422424316406,0
357,NoSQL-STM-thread-357,4172.783374786377,0
356,NoSQL-STM-thread-356,4180.595636367798,0
350,NoSQL-STM-thread-350,4196.202754974365,0
25,NoSQL-STM-thread-25,4347.606897354126,0
45,NoSQL-STM-thread-45,5164.410591125488,0
144,NoSQL-STM-thread-144,5174.751281738281,0
406,NoSQL-STM-thread-406,5146.487712860107,0
54,NoSQL-STM-thread-54,5264.662981033325,0
55,NoSQL-STM-thread-55,5264.662981033325,0
407,NoSQL-STM-thread-407,5148.585557937622,0
143,NoSQL-STM-thread-143,5220.249652862549,0
64,NoSQL-STM-thread-64,5263.453006744385,0
60,NoSQL-STM-thread-60,5264.681339263916,0
248,NoSQL-STM-thread-248,5191.2055015563965,0
65,NoSQL-STM-thread-65,5266.870498657227,0
95,NoSQL-STM-thread-95,5294.389486312866,0
74,NoSQL-STM-thread-74,5307.778120040894,0
330,NoSQL-STM-thread-330,5221.437692642212,0
192,NoSQL-STM-thread-192,6073.448181152344,0
437,NoSQL-STM-thread-437,6013.991594314575,0
266,NoSQL-STM-thread-266,6058.659315109253,0
446,NoSQL-STM-thread-446,6036.135196685791,0
49,NoSQL-STM-thread-49,6287.075996398926,0
56,NoSQL-STM-thread-56,6286.541938781738,0
62,NoSQL-STM-thread-62,6286.936283111572,0
163,NoSQL-STM-thread-163,6237.809419631958,0
408,NoSQL-STM-thread-408,6174.118757247925,0
409,NoSQL-STM-thread-409,6174.118757247925,0
58,NoSQL-STM-thread-58,6384.734869003296,0
411,NoSQL-STM-thread-411,6270.758867263794,0
497,NoSQL-STM-thread-497,6249.091863632202,0
83,NoSQL-STM-thread-83,6381.267786026001,0
487,NoSQL-STM-thread-487,6252.784490585327,0
493,NoSQL-STM-thread-493,6253.583908081055,0
325,NoSQL-STM-thread-325,6298.336029052734,0
97,NoSQL-STM-thread-97,6382.969617843628,0
525,NoSQL-STM-thread-525,7012.23349571228,0
91,NoSQL-STM-thread-91,7151.689291000366,0
540,NoSQL-STM-thread-540,7057.765007019043,0
37,NoSQL-STM-thread-37,7261.044502258301,0
535,NoSQL-STM-thread-535,7109.561204910278,0
399,NoSQL-STM-thread-399,7147.000312805176,0
574,NoSQL-STM-thread-574,7103.432178497314,0
565,NoSQL-STM-thread-565,7151.553153991699,0
70,NoSQL-STM-thread-70,7305.650234222412,0
560,NoSQL-STM-thread-560,7154.696702957153,0
589,NoSQL-STM-thread-589,7979.50553894043,0
324,NoSQL-STM-thread-324,8050.9092807769775,0
429,NoSQL-STM-thread-429,8024.468183517456,0
483,NoSQL-STM-thread-483,8010.819673538208,0
185,NoSQL-STM-thread-185,8089.707136154175,0
9,NoSQL-STM-thread-9,8160.405158996582,0
94,NoSQL-STM-thread-94,8138.0510330200195,0
486,NoSQL-STM-thread-486,8010.7622146606445,0
10,NoSQL-STM-thread-10,8160.622358322144,0
584,NoSQL-STM-thread-584,7986.402750015259,0
606,NoSQL-STM-thread-606,8062.350749969482,0
6,NoSQL-STM-thread-6,8245.50485610962,0
373,NoSQL-STM-thread-373,8129.248380661011,0
496,NoSQL-STM-thread-496,8139.265298843384,0
629,NoSQL-STM-thread-629,8114.0899658203125,0
667,NoSQL-STM-thread-667,8944.237232208252,0
670,NoSQL-STM-thread-670,8944.589853286743,0
80,NoSQL-STM-thread-80,9129.306554794312,0
327,NoSQL-STM-thread-327,9041.115045547485,0
16,NoSQL-STM-thread-16,9146.52943611145,0
564,NoSQL-STM-thread-564,8979.608535766602,0
651,NoSQL-STM-thread-651,8957.237243652344,0
492,NoSQL-STM-thread-492,9000.673294067383,0
215,NoSQL-STM-thread-215,9134.542226791382,0
77,NoSQL-STM-thread-77,9247.647285461426,0
694,NoSQL-STM-thread-694,9059.12160873413,0
698,NoSQL-STM-thread-698,9058.36033821106,0
714,NoSQL-STM-thread-714,9055.326461791992,0
32,NoSQL-STM-thread-32,9263.652801513672,0
692,NoSQL-STM-thread-692,9064.584732055664,0
697,NoSQL-STM-thread-697,9062.394380569458,0
43,NoSQL-STM-thread-43,9265.70439338684,0
29,NoSQL-STM-thread-29,9269.219875335693,0
26,NoSQL-STM-thread-26,9270.442485809326,0
696,NoSQL-STM-thread-696,9067.962884902954,0
79,NoSQL-STM-thread-79,9298.908233642578,0
8,NoSQL-STM-thread-8,10187.498569488525,0
720,NoSQL-STM-thread-720,9971.93455696106,0
400,NoSQL-STM-thread-400,10119.599103927612,0
439,NoSQL-STM-thread-439,10130.28883934021,0
763,NoSQL-STM-thread-763,10115.698337554932,0
772,NoSQL-STM-thread-772,10113.968133926392,0
783,NoSQL-STM-thread-783,10112.550258636475,0
776,NoSQL-STM-thread-776,10116.94359779358,0
543,NoSQL-STM-thread-543,10184.738397598267,0
50,NoSQL-STM-thread-50,10354.668617248535,0
646,NoSQL-STM-thread-646,10251.113176345825,0
693,NoSQL-STM-thread-693,10943.355798721313,0
434,NoSQL-STM-thread-434,11028.292417526245,0
829,NoSQL-STM-thread-829,10916.845560073853,0
832,NoSQL-STM-thread-832,10915.755271911621,0
815,NoSQL-STM-thread-815,10921.44799232483,0
775,NoSQL-STM-thread-775,10932.732343673706,0
590,NoSQL-STM-thread-590,11040.408372879028,0
837,NoSQL-STM-thread-837,10988.09552192688,0
38,NoSQL-STM-thread-38,11232.543468475342,0
818,NoSQL-STM-thread-818,10995.596885681152,0
283,NoSQL-STM-thread-283,11143.664360046387,0
834,NoSQL-STM-thread-834,10993.380784988403,0
712,NoSQL-STM-thread-712,11028.95736694336,0
812,NoSQL-STM-thread-812,11021.990537643433,0
886,NoSQL-STM-thread-886,10998.847723007202,0
569,NoSQL-STM-thread-569,11101.099014282227,0
814,NoSQL-STM-thread-814,11031.981229782104,0
598,NoSQL-STM-thread-598,11095.018863677979,0
68,NoSQL-STM-thread-68,11263.49949836731,0
860,NoSQL-STM-thread-860,11055.51528930664,0
596,NoSQL-STM-thread-596,12018.246412277222,0
771,NoSQL-STM-thread-771,12033.102989196777,0
895,NoSQL-STM-thread-895,11995.363235473633,0
299,NoSQL-STM-thread-299,12168.161630630493,0
894,NoSQL-STM-thread-894,11998.194217681885,0
475,NoSQL-STM-thread-475,12123.372316360474,0
813,NoSQL-STM-thread-813,12029.53028678894,0
508,NoSQL-STM-thread-508,12126.704216003418,0
920,NoSQL-STM-thread-920,12007.453441619873,0
942,NoSQL-STM-thread-942,12010.034084320068,0
90,NoSQL-STM-thread-90,12304.553747177124,0
944,NoSQL-STM-thread-944,12041.72945022583,0
935,NoSQL-STM-thread-935,12044.883489608765,0
904,NoSQL-STM-thread-904,12058.313846588135,0
959,NoSQL-STM-thread-959,12866.76549911499,0
947,NoSQL-STM-thread-947,12879.23526763916,0
225,NoSQL-STM-thread-225,13125.82540512085,0
36,NoSQL-STM-thread-36,13200.38104057312,0
911,NoSQL-STM-thread-911,12940.390586853027,0
993,NoSQL-STM-thread-993,12911.916971206665,0
397,NoSQL-STM-thread-397,13092.696905136108,0
24,NoSQL-STM-thread-24,13244.101762771606,0
979,NoSQL-STM-thread-979,12984.57145690918,0
973,NoSQL-STM-thread-973,13014.185905456543,0
31,NoSQL-STM-thread-31,13305.442333221436,0
39,NoSQL-STM-thread-39,13304.019927978516,0
236,NoSQL-STM-thread-236,13229.572534561157,0
988,NoSQL-STM-thread-988,13012.414455413818,0
18,NoSQL-STM-thread-18,13332.676410675049,0
971,NoSQL-STM-thread-971,13885.422706604004,0
982,NoSQL-STM-thread-982,13884.385108947754,0
912,NoSQL-STM-thread-912,13911.4089012146,0
1036,NoSQL-STM-thread-1036,13868.464469909668,0
47,NoSQL-STM-thread-47,14178.79319190979,0
974,NoSQL-STM-thread-974,13893.183469772339,0
42,NoSQL-STM-thread-42,14278.903007507324,0
30,NoSQL-STM-thread-30,14284.454584121704,0
87,NoSQL-STM-thread-87,14270.609855651855,0
1079,NoSQL-STM-thread-1079,14001.32966041565,0
404,NoSQL-STM-thread-404,14209.414720535278,0
975,NoSQL-STM-thread-975,14039.397478103638,0
1045,NoSQL-STM-thread-1045,14017.764568328857,0
102,NoSQL-STM-thread-102,14344.573259353638,0
41,NoSQL-STM-thread-41,14380.513668060303,0
941,NoSQL-STM-thread-941,14103.88994216919,0
92,NoSQL-STM-thread-92,15137.548923492432,0
488,NoSQL-STM-thread-488,15012.38465309143,0
1064,NoSQL-STM-thread-1064,14832.616329193115,0
741,NoSQL-STM-thread-741,14941.335201263428,0
1075,NoSQL-STM-thread-1075,14831.439733505249,0
1120,NoSQL-STM-thread-1120,14817.603588104248,0
491,NoSQL-STM-thread-491,15102.250099182129,0
1160,NoSQL-STM-thread-1160,14890.886068344116,0
751,NoSQL-STM-thread-751,15031.1861038208,0
1142,NoSQL-STM-thread-1142,14968.806028366089,0
1177,NoSQL-STM-thread-1177,14957.056045532227,0
20,NoSQL-STM-thread-20,15321.53606414795,0
13,NoSQL-STM-thread-13,15324.656248092651,0
987,NoSQL-STM-thread-987,15057.751893997192,0
73,NoSQL-STM-thread-73,15342.629671096802,0
1113,NoSQL-STM-thread-1113,15808.440923690796,0
510,NoSQL-STM-thread-510,15999.508380889893,0
1041,NoSQL-STM-thread-1041,15835.630416870117,0
820,NoSQL-STM-thread-820,15922.214269638062,0
1147,NoSQL-STM-thread-1147,15808.924436569214,0
1203,NoSQL-STM-thread-1203,15792.105913162231,0
1188,NoSQL-STM-thread-1188,15798.107385635376,0
1158,NoSQL-STM-thread-1158,15808.652639389038,0
17,NoSQL-STM-thread-17,16169.732570648193,0
15,NoSQL-STM-thread-15,16175.607442855835,0
1170,NoSQL-STM-thread-1170,15867.801427841187,0
1225,NoSQL-STM-thread-1225,15851.107120513916,0
1222,NoSQL-STM-thread-1222,15853.428363800049,0
1229,NoSQL-STM-thread-1229,15853.286504745483,0
107,NoSQL-STM-thread-107,16191.584825515747,0
1240,NoSQL-STM-thread-1240,15851.075649261475,0
390,NoSQL-STM-thread-390,16117.781639099121,0
1260,NoSQL-STM-thread-1260,15878.710269927979,0
689,NoSQL-STM-thread-689,16070.08671760559,0
1246,NoSQL-STM-thread-1246,15886.362791061401,0
1248,NoSQL-STM-thread-1248,16809.868812561035,0
99,NoSQL-STM-thread-99,17183.220386505127,0
1273,NoSQL-STM-thread-1273,16807.798385620117,0
98,NoSQL-STM-thread-98,17190.46974182129,0
21,NoSQL-STM-thread-21,17210.476875305176,0
1371,NoSQL-STM-thread-1371,16820.78266143799,0
1331,NoSQL-STM-thread-1331,16838.595867156982,0
817,NoSQL-STM-thread-817,17020.692348480225,0
1306,NoSQL-STM-thread-1306,16849.599599838257,0
1265,NoSQL-STM-thread-1265,16868.117570877075,0
1357,NoSQL-STM-thread-1357,16834.51533317566,0
1175,NoSQL-STM-thread-1175,16902.72331237793,0
647,NoSQL-STM-thread-647,17076.74264907837,0
674,NoSQL-STM-thread-674,17073.04549217224,0
1309,NoSQL-STM-thread-1309,17758.408308029175,0
1329,NoSQL-STM-thread-1329,17752.734184265137,0
5,NoSQL-STM-thread-5,18181.752681732178,0
989,NoSQL-STM-thread-989,17883.46004486084,0
943,NoSQL-STM-thread-943,17900.95853805542,0
1353,NoSQL-STM-thread-1353,17756.226778030396,0
1354,NoSQL-STM-thread-1354,17796.504497528076,0
205,NoSQL-STM-thread-205,18158.63847732544,0
1039,NoSQL-STM-thread-1039,17913.663864135742,0
1379,NoSQL-STM-thread-1379,17790.45796394348,0
1351,NoSQL-STM-thread-1351,17801.67555809021,0
611,NoSQL-STM-thread-611,18051.36775970459,0
1085,NoSQL-STM-thread-1085,17899.590969085693,0
1119,NoSQL-STM-thread-1119,17888.039350509644,0
1361,NoSQL-STM-thread-1361,17801.135540008545,0
1365,NoSQL-STM-thread-1365,17805.05061149597,0
1161,NoSQL-STM-thread-1161,17880.51128387451,0
1395,NoSQL-STM-thread-1395,17794.891357421875,0
1063,NoSQL-STM-thread-1063,18874.81451034546,0
1384,NoSQL-STM-thread-1384,18761.643886566162,0
177,NoSQL-STM-thread-177,19140.515327453613,0
1165,NoSQL-STM-thread-1165,18844.51127052307,0
256,NoSQL-STM-thread-256,19119.678020477295,0
1073,NoSQL-STM-thread-1073,18878.005504608154,0
1327,NoSQL-STM-thread-1327,18788.85817527771,0
704,NoSQL-STM-thread-704,19002.490520477295,0
1432,NoSQL-STM-thread-1432,18841.31669998169,0
1461,NoSQL-STM-thread-1461,18833.01830291748,0
1420,NoSQL-STM-thread-1420,18851.606369018555,0
591,NoSQL-STM-thread-591,19132.44318962097,0
1416,NoSQL-STM-thread-1416,18857.458353042603,0
1398,NoSQL-STM-thread-1398,18879.933834075928,0
583,NoSQL-STM-thread-583,19154.69741821289,0
206,NoSQL-STM-thread-206,19280.789852142334,0
863,NoSQL-STM-thread-863,19913.291692733765,0
1477,NoSQL-STM-thread-1477,19693.25351715088,0
71,NoSQL-STM-thread-71,20158.57458114624,0
19,NoSQL-STM-thread-19,20173.789262771606,0
1486,NoSQL-STM-thread-1486,19745.712518692017,0
1437,NoSQL-STM-thread-1437,19765.796899795532,0
1483,NoSQL-STM-thread-1483,19748.942613601685,0
1529,NoSQL-STM-thread-1529,19701.847076416016,0
1530,NoSQL-STM-thread-1530,19701.826333999634,0
1551,NoSQL-STM-thread-1551,19696.48551940918,0
687,NoSQL-STM-thread-687,20031.052112579346,0
1550,NoSQL-STM-thread-1550,19762.561559677124,0
1156,NoSQL-STM-thread-1156,19960.400581359863,0
1479,NoSQL-STM-thread-1479,19859.979391098022,0
976,NoSQL-STM-thread-976,20087.027072906494,0
1508,NoSQL-STM-thread-1508,19895.945072174072,0
1308,NoSQL-STM-thread-1308,20754.003286361694,0
1389,NoSQL-STM-thread-1389,20724.445819854736,0
1565,NoSQL-STM-thread-1565,20633.633136749268,0
990,NoSQL-STM-thread-990,20874.070644378662,0
781,NoSQL-STM-thread-781,20942.99268722534,0
1559,NoSQL-STM-thread-1559,20637.510538101196,0
1569,NoSQL-STM-thread-1569,20650.58445930481,0
1558,NoSQL-STM-thread-1558,20655.76457977295,0
1474,NoSQL-STM-thread-1474,20719.631910324097,0
1557,NoSQL-STM-thread-1557,20659.89851951599,0
688,NoSQL-STM-thread-688,21046.767234802246,0
1597,NoSQL-STM-thread-1597,20699.321508407593,0
1651,NoSQL-STM-thread-1651,20683.188438415527,0
872,NoSQL-STM-thread-872,21001.927137374878,0
1563,NoSQL-STM-thread-1563,20723.55341911316,0
115,NoSQL-STM-thread-115,21219.176530838013,0
273,NoSQL-STM-thread-273,21174.65114593506,0
1640,NoSQL-STM-thread-1640,20693.950653076172,0
1491,NoSQL-STM-thread-1491,20786.576747894287,0
1556,NoSQL-STM-thread-1556,20731.002807617188,0
1611,NoSQL-STM-thread-1611,20709.90014076233,0
978,NoSQL-STM-thread-978,21927.06799507141,0
1139,NoSQL-STM-thread-1139,21874.31812286377,0
1676,NoSQL-STM-thread-1676,21637.63189315796,0
1035,NoSQL-STM-thread-1035,21912.0352268219,0
53,NoSQL-STM-thread-53,22223.315715789795,0
1682,NoSQL-STM-thread-1682,21642.00258255005,0
836,NoSQL-STM-thread-836,21989.246129989624,0
85,NoSQL-STM-thread-85,22218.501329421997,0
789,NoSQL-STM-thread-789,22009.55891609192,0
1344,NoSQL-STM-thread-1344,21815.85454940796,0
1691,NoSQL-STM-thread-1691,21705.934524536133,0
1583,NoSQL-STM-thread-1583,21756.766319274902,0
1688,NoSQL-STM-thread-1688,21708.279132843018,0
1214,NoSQL-STM-thread-1214,21927.675485610962,0
1537,NoSQL-STM-thread-1537,21775.63190460205,0
1694,NoSQL-STM-thread-1694,21712.761402130127,0
916,NoSQL-STM-thread-916,22035.41374206543,0
1324,NoSQL-STM-thread-1324,21892.3237323761,0
1593,NoSQL-STM-thread-1593,22635.843515396118,0
1754,NoSQL-STM-thread-1754,22569.4477558136,0
562,NoSQL-STM-thread-562,23024.675846099854,0
1328,NoSQL-STM-thread-1328,22771.045446395874,0
1476,NoSQL-STM-thread-1476,22716.938257217407,0
1377,NoSQL-STM-thread-1377,22754.77147102356,0
1767,NoSQL-STM-thread-1767,22566.751956939697,0
1801,NoSQL-STM-thread-1801,22599.909782409668,0
1698,NoSQL-STM-thread-1698,22694.544076919556,0
1701,NoSQL-STM-thread-1701,22693.486213684082,0
1776,NoSQL-STM-thread-1776,22660.907983779907,0
44,NoSQL-STM-thread-44,23288.71202468872,0
1686,NoSQL-STM-thread-1686,22702.872037887573,0
1506,NoSQL-STM-thread-1506,22808.929920196533,0
1787,NoSQL-STM-thread-1787,22659.085750579834,0
1802,NoSQL-STM-thread-1802,22659.16872024536,0
1827,NoSQL-STM-thread-1827,23542.888879776,0
1836,NoSQL-STM-thread-1836,23559.494972229004,0
1875,NoSQL-STM-thread-1875,23581.28261566162,0
1581,NoSQL-STM-thread-1581,23707.924842834473,0
1840,NoSQL-STM-thread-1840,23596.078872680664,0
1159,NoSQL-STM-thread-1159,23898.244619369507,0
1646,NoSQL-STM-thread-1646,23683.574199676514,0
1839,NoSQL-STM-thread-1839,23603.089332580566,0
1848,NoSQL-STM-thread-1848,23598.968029022217,0
1168,NoSQL-STM-thread-1168,23900.511741638184,0
1846,NoSQL-STM-thread-1846,23603.494882583618,0
1806,NoSQL-STM-thread-1806,23620.517015457153,0
1784,NoSQL-STM-thread-1784,23667.540311813354,0
1892,NoSQL-STM-thread-1892,23628.886222839355,0
1882,NoSQL-STM-thread-1882,23633.861780166626,0
1051,NoSQL-STM-thread-1051,23995.901346206665,0
1866,NoSQL-STM-thread-1866,23649.693250656128,0
1710,NoSQL-STM-thread-1710,23719.578742980957,0
1879,NoSQL-STM-thread-1879,23648.362159729004,0
1920,NoSQL-STM-thread-1920,24503.00407409668,0
1851,NoSQL-STM-thread-1851,24531.9344997406,0
1924,NoSQL-STM-thread-1924,24543.10941696167,0
494,NoSQL-STM-thread-494,25089.114904403687,0
1838,NoSQL-STM-thread-1838,24580.33847808838,0
1638,NoSQL-STM-thread-1638,24668.821811676025,0
1845,NoSQL-STM-thread-1845,24578.373193740845,0
1154,NoSQL-STM-thread-1154,24885.278701782227,0
1345,NoSQL-STM-thread-1345,24817.538022994995,0
1939,NoSQL-STM-thread-1939,24544.08860206604,0
1921,NoSQL-STM-thread-1921,24551.16105079651,0
1968,NoSQL-STM-thread-1968,24534.629583358765,0
1901,NoSQL-STM-thread-1901,24561.0294342041,0
140,NoSQL-STM-thread-140,25195.36018371582,0
1963,NoSQL-STM-thread-1963,24548.56038093567,0
1061,NoSQL-STM-thread-1061,24980.143785476685,0
1790,NoSQL-STM-thread-1790,24681.691646575928,0
146,NoSQL-STM-thread-146,25266.41345024109,0
138,NoSQL-STM-thread-138,26134.97495651245,0
1949,NoSQL-STM-thread-1949,25486.697912216187,0
1759,NoSQL-STM-thread-1759,25568.912744522095,0
1902,NoSQL-STM-thread-1902,25506.067752838135,0
1951,NoSQL-STM-thread-1951,25490.524291992188,0
1352,NoSQL-STM-thread-1352,25766.75510406494,0
145,NoSQL-STM-thread-145,26142.754793167114,0
164,NoSQL-STM-thread-164,26139.56570625305,0
1223,NoSQL-STM-thread-1223,25823.366403579712,0
202,NoSQL-STM-thread-202,26192.34824180603,0
1938,NoSQL-STM-thread-1938,25566.635370254517,0
142,NoSQL-STM-thread-142,26212.48435974121,0
242,NoSQL-STM-thread-242,26184.821844100952,0
234,NoSQL-STM-thread-234,26187.941074371338,0
189,NoSQL-STM-thread-189,26201.27272605896,0
253,NoSQL-STM-thread-253,26184.68165397644,0
1135,NoSQL-STM-thread-1135,25920.451641082764,0
1732,NoSQL-STM-thread-1732,25661.216497421265,0
1332,NoSQL-STM-thread-1332,25851.28664970398,0
1446,NoSQL-STM-thread-1446,25808.701515197754,0
1955,NoSQL-STM-thread-1955,26508.533239364624,0
196,NoSQL-STM-thread-196,27144.748210906982,0
1743,NoSQL-STM-thread-1743,26600.18825531006,0
285,NoSQL-STM-thread-285,27125.77986717224,0
188,NoSQL-STM-thread-188,27153.05733680725,0
195,NoSQL-STM-thread-195,27152.294397354126,0
1604,NoSQL-STM-thread-1604,26669.16513442993,0
1598,NoSQL-STM-thread-1598,26672.29914665222,0
309,NoSQL-STM-thread-309,27126.35040283203,0
1856,NoSQL-STM-thread-1856,26559.40318107605,0
310,NoSQL-STM-thread-310,27127.40421295166,0
1952,NoSQL-STM-thread-1952,26521.409511566162,0
254,NoSQL-STM-thread-254,27209.537506103516,0
319,NoSQL-STM-thread-319,27193.652868270874,0
322,NoSQL-STM-thread-322,27192.872047424316,0
321,NoSQL-STM-thread-321,27217.067003250122,0
1960,NoSQL-STM-thread-1960,26613.7535572052,0
340,NoSQL-STM-thread-340,27215.500593185425,0
263,NoSQL-STM-thread-263,28122.015953063965,0
1254,NoSQL-STM-thread-1254,27817.99340248108,0
338,NoSQL-STM-thread-338,28106.123447418213,0
315,NoSQL-STM-thread-315,28114.206552505493,0
765,NoSQL-STM-thread-765,27988.37113380432,0
599,NoSQL-STM-thread-599,28038.85793685913,0
210,NoSQL-STM-thread-210,28142.486810684204,0
1607,NoSQL-STM-thread-1607,27660.167455673218,0
313,NoSQL-STM-thread-313,28116.387367248535,0
279,NoSQL-STM-thread-279,28126.31607055664,0
1029,NoSQL-STM-thread-1029,27908.135175704956,0
100,NoSQL-STM-thread-100,28221.643209457397,0
316,NoSQL-STM-thread-316,28162.73808479309,0
1810,NoSQL-STM-thread-1810,27634.573698043823,0
1797,NoSQL-STM-thread-1797,27640.99097251892,0
276,NoSQL-STM-thread-276,28198.1303691864,0
422,NoSQL-STM-thread-422,28161.15665435791,0
506,NoSQL-STM-thread-506,29073.362350463867,0
212,NoSQL-STM-thread-212,29150.25544166565,0
1894,NoSQL-STM-thread-1894,28543.614625930786,0
374,NoSQL-STM-thread-374,29109.588623046875,0
489,NoSQL-STM-thread-489,29083.372831344604,0
481,NoSQL-STM-thread-481,29086.731672286987,0
495,NoSQL-STM-thread-495,29083.157062530518,0
436,NoSQL-STM-thread-436,29099.55859184265,0
150,NoSQL-STM-thread-150,29177.05464363098,0
645,NoSQL-STM-thread-645,29045.240879058838,0
171,NoSQL-STM-thread-171,29170.9566116333,0
471,NoSQL-STM-thread-471,29091.777086257935,0
440,NoSQL-STM-thread-440,29100.749254226685,0
568,NoSQL-STM-thread-568,29069.80609893799,0
433,NoSQL-STM-thread-433,29130.16963005066,0
541,NoSQL-STM-thread-541,29122.45512008667,0
566,NoSQL-STM-thread-566,29117.25378036499,0
191,NoSQL-STM-thread-191,29214.99228477478,0
1403,NoSQL-STM-thread-1403,28836.621046066284,0
1578,NoSQL-STM-thread-1578,28741.04905128479,0
467,NoSQL-STM-thread-467,29146.40498161316,0
468,NoSQL-STM-thread-468,29147.027254104614,0
335,NoSQL-STM-thread-335,29182.135343551636,0
1457,NoSQL-STM-thread-1457,29737.104892730713,0
620,NoSQL-STM-thread-620,30025.677919387817,0
1723,NoSQL-STM-thread-1723,29601.091146469116,0
114,NoSQL-STM-thread-114,30164.44444656372,0
1928,NoSQL-STM-thread-1928,29514.95862007141,0
524,NoSQL-STM-thread-524,30055.595874786377,0
626,NoSQL-STM-thread-626,30029.799222946167,0
617,NoSQL-STM-thread-617,30032.912969589233,0
558,NoSQL-STM-thread-558,30053.104162216187,0
539,NoSQL-STM-thread-539,30057.26194381714,0
1886,NoSQL-STM-thread-1886,29628.804206848145,0
658,NoSQL-STM-thread-658,30118.239879608154,0
1843,NoSQL-STM-thread-1843,29649.66869354248,0
653,NoSQL-STM-thread-653,30123.88825416565,0
642,NoSQL-STM-thread-642,30128.47113609314,0
639,NoSQL-STM-thread-639,30131.33454322815,0
391,NoSQL-STM-thread-391,31065.602779388428,0
1167,NoSQL-STM-thread-1167,30823.914527893066,0
755,NoSQL-STM-thread-755,30964.50924873352,0
84,NoSQL-STM-thread-84,31171.597242355347,0
1919,NoSQL-STM-thread-1919,30496.021270751953,0
1677,NoSQL-STM-thread-1677,30605.497360229492,0
1645,NoSQL-STM-thread-1645,30625.176429748535,0
718,NoSQL-STM-thread-718,31016.98112487793,0
132,NoSQL-STM-thread-132,31182.8715801239,0
672,NoSQL-STM-thread-672,31038.519620895386,0
532,NoSQL-STM-thread-532,31091.613054275513,0
320,NoSQL-STM-thread-320,31151.304483413696,0
632,NoSQL-STM-thread-632,31067.820072174072,0
733,NoSQL-STM-thread-733,31037.076711654663,0
640,NoSQL-STM-thread-640,31091.618537902832,0
1385,NoSQL-STM-thread-1385,31764.191389083862,0
449,NoSQL-STM-thread-449,32072.896480560303,0
802,NoSQL-STM-thread-802,31973.89316558838,0
804,NoSQL-STM-thread-804,31973.61922264099,0
827,NoSQL-STM-thread-827,31968.016624450684,0
865,NoSQL-STM-thread-865,31955.594539642334,0
868,NoSQL-STM-thread-868,31954.59532737732,0
530,NoSQL-STM-thread-530,32055.91893196106,0
861,NoSQL-STM-thread-861,31958.276987075806,0
785,NoSQL-STM-thread-785,31984.83109474182,0
750,NoSQL-STM-thread-750,31994.553804397583,0
181,NoSQL-STM-thread-181,32152.695417404175,0
1687,NoSQL-STM-thread-1687,31623.846292495728,0
859,NoSQL-STM-thread-859,31963.741302490234,0
480,NoSQL-STM-thread-480,32078.322410583496,0
1944,NoSQL-STM-thread-1944,31522.061109542847,0
855,NoSQL-STM-thread-855,31970.186233520508,0
657,NoSQL-STM-thread-657,32034.261226654053,0
870,NoSQL-STM-thread-870,31967.04864501953,0
490,NoSQL-STM-thread-490,32135.050058364868,0
104,NoSQL-STM-thread-104,32245.388507843018,0
443,NoSQL-STM-thread-443,32152.202367782593,0
131,NoSQL-STM-thread-131,32241.474390029907,0
877,NoSQL-STM-thread-877,32034.83557701111,0
884,NoSQL-STM-thread-884,32032.745361328125,0
844,NoSQL-STM-thread-844,32053.614139556885,0
874,NoSQL-STM-thread-874,32041.549682617188,0
885,NoSQL-STM-thread-885,32961.99345588684,0
1275,NoSQL-STM-thread-1275,32826.7183303833,0
549,NoSQL-STM-thread-549,33067.798137664795,0
1487,NoSQL-STM-thread-1487,32750.521659851074,0
1679,NoSQL-STM-thread-1679,32640.18416404724,0
605,NoSQL-STM-thread-605,33052.59108543396,0
613,NoSQL-STM-thread-613,33051.106214523315,0
948,NoSQL-STM-thread-948,32945.058822631836,0
387,NoSQL-STM-thread-387,33112.86640167236,0
1596,NoSQL-STM-thread-1596,32680.325984954834,0
1683,NoSQL-STM-thread-1683,32642.21739768982,0
105,NoSQL-STM-thread-105,33198.22120666504,0
1019,NoSQL-STM-thread-1019,32985.26358604431,0
650,NoSQL-STM-thread-650,33108.71744155884,0
825,NoSQL-STM-thread-825,33136.900663375854,0
824,NoSQL-STM-thread-824,33136.900663375854,0
247,NoSQL-STM-thread-247,33297.02639579773,0
788,NoSQL-STM-thread-788,33153.88035774231,0
726,NoSQL-STM-thread-726,34001.19185447693,0
918,NoSQL-STM-thread-918,33942.86847114563,0
1891,NoSQL-STM-thread-1891,33537.70065307617,0
1033,NoSQL-STM-thread-1033,33908.78438949585,0
1007,NoSQL-STM-thread-1007,33918.317556381226,0
1099,NoSQL-STM-thread-1099,33886.93118095398,0
784,NoSQL-STM-thread-784,33993.06035041809,0
1150,NoSQL-STM-thread-1150,33911.338567733765,0
473,NoSQL-STM-thread-473,34135.586738586426,0
1122,NoSQL-STM-thread-1122,33932.379722595215,0
857,NoSQL-STM-thread-857,34044.73543167114,0
1131,NoSQL-STM-thread-1131,33955.204248428345,0
1020,NoSQL-STM-thread-1020,33994.01044845581,0
1087,NoSQL-STM-thread-1087,33973.37794303894,0
1415,NoSQL-STM-thread-1415,33855.50308227539,0
955,NoSQL-STM-thread-955,34028.85031700134,0
561,NoSQL-STM-thread-561,35038.17296028137,0
1218,NoSQL-STM-thread-1218,34825.30736923218,0
1006,NoSQL-STM-thread-1006,34900.71678161621,0
1123,NoSQL-STM-thread-1123,34864.980936050415,0
1163,NoSQL-STM-thread-1163,34851.5465259552,0
826,NoSQL-STM-thread-826,34970.834493637085,0
1206,NoSQL-STM-thread-1206,34840.86799621582,0
326,NoSQL-STM-thread-326,35112.911224365234,0
1207,NoSQL-STM-thread-1207,34840.86799621582,0
1109,NoSQL-STM-thread-1109,34878.64923477173,0
858,NoSQL-STM-thread-858,34964.96891975403,0
1143,NoSQL-STM-thread-1143,34875.194787979126,0
1215,NoSQL-STM-thread-1215,34851.23682022095,0
1245,NoSQL-STM-thread-1245,34865.607500076294,0
479,NoSQL-STM-thread-479,35129.88042831421,0
782,NoSQL-STM-thread-782,35046.29898071289,0
557,NoSQL-STM-thread-557,35114.656925201416,0
577,NoSQL-STM-thread-577,35112.31446266174,0
379,NoSQL-STM-thread-379,35165.602684020996,0
1118,NoSQL-STM-thread-1118,34939.321994781494,0
1134,NoSQL-STM-thread-1134,35849.20644760132,0
1098,NoSQL-STM-thread-1098,35861.44423484802,0
1232,NoSQL-STM-thread-1232,35824.100971221924,0
1251,NoSQL-STM-thread-1251,35854.21681404114,0
121,NoSQL-STM-thread-121,36199.162006378174,0
314,NoSQL-STM-thread-314,36147.08495140076,0
1340,NoSQL-STM-thread-1340,35822.76391983032,0
878,NoSQL-STM-thread-878,35986.87386512756,0
1201,NoSQL-STM-thread-1201,35876.84774398804,0
891,NoSQL-STM-thread-891,35984.79771614075,0
1313,NoSQL-STM-thread-1313,35835.981607437134,0
985,NoSQL-STM-thread-985,35953.44281196594,0
1241,NoSQL-STM-thread-1241,35865.56935310364,0
1250,NoSQL-STM-thread-1250,35862.26725578308,0
913,NoSQL-STM-thread-913,35979.93993759155,0
1145,NoSQL-STM-thread-1145,35899.579763412476,0
1253,NoSQL-STM-thread-1253,35861.78541183472,0
1311,NoSQL-STM-thread-1311,35843.459606170654,0
1242,NoSQL-STM-thread-1242,35870.85151672363,0
1276,NoSQL-STM-thread-1276,35858.09826850891,0
1049,NoSQL-STM-thread-1049,35940.89221954346,0
1375,NoSQL-STM-thread-1375,35824.38826560974,0
1401,NoSQL-STM-thread-1401,35850.0702381134,0
1443,NoSQL-STM-thread-1443,36763.94057273865,0
187,NoSQL-STM-thread-187,37160.829067230225,0
708,NoSQL-STM-thread-708,37020.39861679077,0
1321,NoSQL-STM-thread-1321,36811.768770217896,0
811,NoSQL-STM-thread-811,36990.596532821655,0
1124,NoSQL-STM-thread-1124,36884.28974151611,0
1052,NoSQL-STM-thread-1052,36909.372329711914,0
1453,NoSQL-STM-thread-1453,36763.81850242615,0
634,NoSQL-STM-thread-634,37047.60384559631,0
1186,NoSQL-STM-thread-1186,36867.46120452881,0
1224,NoSQL-STM-thread-1224,36856.65965080261,0
875,NoSQL-STM-thread-875,36976.747035980225,0
1402,NoSQL-STM-thread-1402,36791.59140586853,0
1454,NoSQL-STM-thread-1454,36855.13234138489,0
1577,NoSQL-STM-thread-1577,36783.36834907532,0
1478,NoSQL-STM-thread-1478,36851.16410255432,0
1116,NoSQL-STM-thread-1116,36984.58790779114,0
1538,NoSQL-STM-thread-1538,36800.69828033447,0
1510,NoSQL-STM-thread-1510,36842.546701431274,0
1555,NoSQL-STM-thread-1555,37669.533252716064,0
1164,NoSQL-STM-thread-1164,37843.81675720215,0
1475,NoSQL-STM-thread-1475,37732.253313064575,0
1364,NoSQL-STM-thread-1364,37775.53868293762,0
1509,NoSQL-STM-thread-1509,37720.63446044922,0
1545,NoSQL-STM-thread-1545,37678.26557159424,0
1069,NoSQL-STM-thread-1069,37882.25030899048,0
1325,NoSQL-STM-thread-1325,37790.9996509552,0
1532,NoSQL-STM-thread-1532,37683.265209198,0
1503,NoSQL-STM-thread-1503,37725.9042263031,0
1439,NoSQL-STM-thread-1439,37751.569747924805,0
147,NoSQL-STM-thread-147,38158.22672843933,0
1169,NoSQL-STM-thread-1169,37850.33988952637,0
1619,NoSQL-STM-thread-1619,37684.29183959961,0
452,NoSQL-STM-thread-452,38129.97627258301,0
1690,NoSQL-STM-thread-1690,38593.60933303833,0
1657,NoSQL-STM-thread-1657,38610.262393951416,0
1368,NoSQL-STM-thread-1368,38755.4497718811,0
1459,NoSQL-STM-thread-1459,38722.734212875366,0
695,NoSQL-STM-thread-695,38988.00539970398,0
1127,NoSQL-STM-thread-1127,38873.54636192322,0
1644,NoSQL-STM-thread-1644,38647.600412368774,0
1594,NoSQL-STM-thread-1594,38671.48470878601,0
1647,NoSQL-STM-thread-1647,38648.247718811035,0
1649,NoSQL-STM-thread-1649,38648.3850479126,0
1669,NoSQL-STM-thread-1669,38639.48893547058,0
1058,NoSQL-STM-thread-1058,38903.22256088257,0
1572,NoSQL-STM-thread-1572,38683.86244773865,0
1590,NoSQL-STM-thread-1590,38679.35252189636,0
1641,NoSQL-STM-thread-1641,38656.88395500183,0
1481,NoSQL-STM-thread-1481,38752.684354782104,0
1667,NoSQL-STM-thread-1667,38646.49796485901,0
1456,NoSQL-STM-thread-1456,38761.93857192993,0
1606,NoSQL-STM-thread-1606,38674.94583129883,0
1637,NoSQL-STM-thread-1637,38665.56429862976,0
1568,NoSQL-STM-thread-1568,38698.69518280029,0
1546,NoSQL-STM-thread-1546,38709.301471710205,0
1655,NoSQL-STM-thread-1655,38742.81930923462,0
1259,NoSQL-STM-thread-1259,38928.3287525177,0
1814,NoSQL-STM-thread-1814,39573.88973236084,0
1653,NoSQL-STM-thread-1653,39645.734786987305,0
1634,NoSQL-STM-thread-1634,39660.94422340393,0
1540,NoSQL-STM-thread-1540,39700.92535018921,0
1239,NoSQL-STM-thread-1239,39846.24242782593,0
1744,NoSQL-STM-thread-1744,39616.73045158386,0
1648,NoSQL-STM-thread-1648,39661.741733551025,0
1320,NoSQL-STM-thread-1320,39840.020418167114,0
809,NoSQL-STM-thread-809,40020.20502090454,0
1507,NoSQL-STM-thread-1507,39773.00977706909,0
1808,NoSQL-STM-thread-1808,39616.07098579407,0
1256,NoSQL-STM-thread-1256,39870.34726142883,0
1367,NoSQL-STM-thread-1367,39829.06675338745,0
1659,NoSQL-STM-thread-1659,39683.93015861511,0
946,NoSQL-STM-thread-946,39980.64589500427,0
1066,NoSQL-STM-thread-1066,39939.87703323364,0
430,NoSQL-STM-thread-430,40139.214277267456,0
1715,NoSQL-STM-thread-1715,39665.31443595886,0
1785,NoSQL-STM-thread-1785,39703.58943939209,0
1881,NoSQL-STM-thread-1881,39691.58935546875,0
1136,NoSQL-STM-thread-1136,40043.48683357239,0
1488,NoSQL-STM-thread-1488,39913.99598121643,0
1904,NoSQL-STM-thread-1904,39708.03761482239,0
1874,NoSQL-STM-thread-1874,40555.26661872864,0
1749,NoSQL-STM-thread-1749,40613.807678222656,0
127,NoSQL-STM-thread-127,41184.091091156006,0
1748,NoSQL-STM-thread-1748,40615.36884307861,0
786,NoSQL-STM-thread-786,41002.60376930237,0
1436,NoSQL-STM-thread-1436,40773.390769958496,0
1932,NoSQL-STM-thread-1932,40546.971797943115,0
1185,NoSQL-STM-thread-1185,40879.878520965576,0
1741,NoSQL-STM-thread-1741,40660.953998565674,0
1937,NoSQL-STM-thread-1937,40581.66408538818,0
1765,NoSQL-STM-thread-1765,40687.38102912903,0
1885,NoSQL-STM-thread-1885,40640.47861099243,0
156,NoSQL-STM-thread-156,42178.205490112305,0
432,NoSQL-STM-thread-432,42104.976654052734,0
1888,NoSQL-STM-thread-1888,41559.78751182556,0
101,NoSQL-STM-thread-101,42198.53115081787,0
1780,NoSQL-STM-thread-1780,41609.39598083496,0
1391,NoSQL-STM-thread-1391,41800.092458724976,0
1708,NoSQL-STM-thread-1708,41642.7903175354,0
1897,NoSQL-STM-thread-1897,41561.89155578613,0
182,NoSQL-STM-thread-182,42181.164026260376,0
1685,NoSQL-STM-thread-1685,41654.50215339661,0
1178,NoSQL-STM-thread-1178,41883.86058807373,0
113,NoSQL-STM-thread-113,42205.50775527954,0
1978,NoSQL-STM-thread-1978,41534.42192077637,0
1750,NoSQL-STM-thread-1750,41632.508516311646,0
1097,NoSQL-STM-thread-1097,41914.62755203247,0
1905,NoSQL-STM-thread-1905,41564.34440612793,0
1652,NoSQL-STM-thread-1652,41676.44762992859,0
1660,NoSQL-STM-thread-1660,41708.436727523804,0
1181,NoSQL-STM-thread-1181,41932.119369506836,0
1986,NoSQL-STM-thread-1986,41583.09030532837,0
250,NoSQL-STM-thread-250,42220.84736824036,0
290,NoSQL-STM-thread-290,42210.66856384277,0
1893,NoSQL-STM-thread-1893,41628.108739852905,0
655,NoSQL-STM-thread-655,42116.583824157715,0
1737,NoSQL-STM-thread-1737,41695.34206390381,0
268,NoSQL-STM-thread-268,42225.34990310669,0
940,NoSQL-STM-thread-940,42979.652881622314,0
1709,NoSQL-STM-thread-1709,42659.98148918152,0
1769,NoSQL-STM-thread-1769,42635.80799102783,0
291,NoSQL-STM-thread-291,43169.89970207214,0
1818,NoSQL-STM-thread-1818,42616.17732048035,0
1807,NoSQL-STM-thread-1807,42622.743368148804,0
275,NoSQL-STM-thread-275,43207.67855644226,0
1990,NoSQL-STM-thread-1990,42579.949140548706,0
1991,NoSQL-STM-thread-1991,42578.61924171448,0
1872,NoSQL-STM-thread-1872,42629.53472137451,0
168,NoSQL-STM-thread-168,43245.28741836548,0
200,NoSQL-STM-thread-200,43237.17713356018,0
472,NoSQL-STM-thread-472,43222.8262424469,0
1977,NoSQL-STM-thread-1977,42651.4995098114,0
337,NoSQL-STM-thread-337,43262.59922981262,0
1292,NoSQL-STM-thread-1292,42963.279724121094,0
1705,NoSQL-STM-thread-1705,42788.5160446167,0
160,NoSQL-STM-thread-160,44205.66916465759,0
1770,NoSQL-STM-thread-1770,43636.3263130188,0
1219,NoSQL-STM-thread-1219,43889.43290710449,0
158,NoSQL-STM-thread-158,44211.172580718994,0
262,NoSQL-STM-thread-262,44182.48724937439,0
306,NoSQL-STM-thread-306,44173.362731933594,0
382,NoSQL-STM-thread-382,44154.0412902832,0
301,NoSQL-STM-thread-301,44175.49777030945,0
381,NoSQL-STM-thread-381,44154.597997665405,0
249,NoSQL-STM-thread-249,44188.64703178406,0
294,NoSQL-STM-thread-294,44179.42667007446,0
1994,NoSQL-STM-thread-1994,43551.833629608154,0
1789,NoSQL-STM-thread-1789,43636.14773750305,0
441,NoSQL-STM-thread-441,44142.16756820679,0
277,NoSQL-STM-thread-277,44192.74139404297,0
513,NoSQL-STM-thread-513,44133.6407661438,0
1825,NoSQL-STM-thread-1825,43682.71279335022,0
369,NoSQL-STM-thread-369,44224.37381744385,0
1993,NoSQL-STM-thread-1993,43621.84977531433,0
1519,NoSQL-STM-thread-1519,43833.71591567993,0
461,NoSQL-STM-thread-461,45123.136043548584,0
570,NoSQL-STM-thread-570,45095.9575176239,0
175,NoSQL-STM-thread-175,45199.85771179199,0
1467,NoSQL-STM-thread-1467,44792.6549911499,0
148,NoSQL-STM-thread-148,45209.2649936676,0
542,NoSQL-STM-thread-542,45104.132413864136,0
460,NoSQL-STM-thread-460,45126.51538848877,0
288,NoSQL-STM-thread-288,45172.10674285889,0
615,NoSQL-STM-thread-615,45085.1936340332,0
456,NoSQL-STM-thread-456,45128.55410575867,0
346,NoSQL-STM-thread-346,45158.92505645752,0
680,NoSQL-STM-thread-680,45136.53230667114,0
1752,NoSQL-STM-thread-1752,44720.93963623047,0
563,NoSQL-STM-thread-563,45174.08800125122,0
547,NoSQL-STM-thread-547,45180.76133728027,0
678,NoSQL-STM-thread-678,45154.162883758545,0
588,NoSQL-STM-thread-588,45178.69710922241,0
1013,NoSQL-STM-thread-1013,45064.77999687195,0
453,NoSQL-STM-thread-453,46094.46835517883,0
758,NoSQL-STM-thread-758,46007.29465484619,0
265,NoSQL-STM-thread-265,46144.341468811035,0
586,NoSQL-STM-thread-586,46063.84062767029,0
1999,NoSQL-STM-thread-1999,45511.28816604614,0
757,NoSQL-STM-thread-757,46013.34547996521,0
580,NoSQL-STM-thread-580,46066.306829452515,0
636,NoSQL-STM-thread-636,46050.753355026245,0
385,NoSQL-STM-thread-385,46118.85571479797,0
572,NoSQL-STM-thread-572,46069.8778629303,0
843,NoSQL-STM-thread-843,45992.019176483154,0
573,NoSQL-STM-thread-573,46115.04030227661,0
550,NoSQL-STM-thread-550,46123.363971710205,0
103,NoSQL-STM-thread-103,46248.393297195435,0
679,NoSQL-STM-thread-679,46091.23396873474,0
822,NoSQL-STM-thread-822,46048.61664772034,0
796,NoSQL-STM-thread-796,46056.69641494751,0
610,NoSQL-STM-thread-610,46111.51146888733,0
559,NoSQL-STM-thread-559,46127.31599807739,0
684,NoSQL-STM-thread-684,46091.89581871033,0
854,NoSQL-STM-thread-854,46081.52747154236,0
756,NoSQL-STM-thread-756,46113.693714141846,0
744,NoSQL-STM-thread-744,46117.77853965759,0
717,NoSQL-STM-thread-717,46127.277135849,0
194,NoSQL-STM-thread-194,46270.986557006836,0
1813,NoSQL-STM-thread-1813,45692.98195838928,0
1981,NoSQL-STM-thread-1981,46512.48812675476,0
1883,NoSQL-STM-thread-1883,46555.55176734924,0
930,NoSQL-STM-thread-930,46954.83064651489,0
458,NoSQL-STM-thread-458,47096.44556045532,0
760,NoSQL-STM-thread-760,47011.472940444946,0
901,NoSQL-STM-thread-901,46968.44720840454,0
691,NoSQL-STM-thread-691,47034.40237045288,0
600,NoSQL-STM-thread-600,47077.59618759155,0
742,NoSQL-STM-thread-742,47036.75436973572,0
1067,NoSQL-STM-thread-1067,46979.08163070679,0
898,NoSQL-STM-thread-898,47040.66491127014,0
914,NoSQL-STM-thread-914,47036.83161735535,0
1043,NoSQL-STM-thread-1043,46990.93580245972,0
924,NoSQL-STM-thread-924,47034.438133239746,0
966,NoSQL-STM-thread-966,47021.103858947754,0
703,NoSQL-STM-thread-703,47106.489419937134,0
965,NoSQL-STM-thread-965,47920.54772377014,0
274,NoSQL-STM-thread-274,48122.26414680481,0
730,NoSQL-STM-thread-730,48000.97966194153,0
919,NoSQL-STM-thread-919,47950.26230812073,0
130,NoSQL-STM-thread-130,48176.50747299194,0
925,NoSQL-STM-thread-925,47949.19753074646,0
936,NoSQL-STM-thread-936,47947.476863861084,0
1050,NoSQL-STM-thread-1050,47910.155057907104,0
879,NoSQL-STM-thread-879,47969.011068344116,0
727,NoSQL-STM-thread-727,48018.78476142883,0
1027,NoSQL-STM-thread-1027,47919.79789733887,0
1972,NoSQL-STM-thread-1972,47521.278381347656,0
997,NoSQL-STM-thread-997,47934.327363967896,0
1042,NoSQL-STM-thread-1042,47946.72107696533,0
850,NoSQL-STM-thread-850,48013.99636268616,0
906,NoSQL-STM-thread-906,48006.08277320862,0
700,NoSQL-STM-thread-700,48071.646213531494,0
1040,NoSQL-STM-thread-1040,47960.05153656006,0
1193,NoSQL-STM-thread-1193,47909.34157371521,0
1140,NoSQL-STM-thread-1140,47928.9345741272,0
1263,NoSQL-STM-thread-1263,48856.077671051025,0
1055,NoSQL-STM-thread-1055,48930.69911003113,0
141,NoSQL-STM-thread-141,49202.84724235535,0
950,NoSQL-STM-thread-950,48971.24767303467,0
702,NoSQL-STM-thread-702,49052.250385284424,0
1133,NoSQL-STM-thread-1133,48909.75880622864,0
1149,NoSQL-STM-thread-1149,48902.77934074402,0
376,NoSQL-STM-thread-376,49142.87495613098,0
1180,NoSQL-STM-thread-1180,48894.426345825195,0
931,NoSQL-STM-thread-931,48981.24551773071,0
1072,NoSQL-STM-thread-1072,48936.10858917236,0
980,NoSQL-STM-thread-980,48968.459367752075,0
1190,NoSQL-STM-thread-1190,48896.02279663086,0
1230,NoSQL-STM-thread-1230,48885.07580757141,0
1973,NoSQL-STM-thread-1973,48553.57003211975,0
1271,NoSQL-STM-thread-1271,48868.9706325531,0
1205,NoSQL-STM-thread-1205,48895.241022109985,0
259,NoSQL-STM-thread-259,49181.86378479004,0
633,NoSQL-STM-thread-633,49086.506605148315,0
754,NoSQL-STM-thread-754,49050.334215164185,0
498,NoSQL-STM-thread-498,49146.655559539795,0
907,NoSQL-STM-thread-907,49057.35993385315,0
1155,NoSQL-STM-thread-1155,48970.41916847229,0
1171,NoSQL-STM-thread-1171,48967.477321624756,0
523,NoSQL-STM-thread-523,49174.16548728943,0
1299,NoSQL-STM-thread-1299,49812.65568733215,0
1065,NoSQL-STM-thread-1065,49900.10333061218,0
1237,NoSQL-STM-thread-1237,49844.05016899109,0
648,NoSQL-STM-thread-648,50038.068771362305,0
1400,NoSQL-STM-thread-1400,49789.148807525635,0
1462,NoSQL-STM-thread-1462,49767.78173446655,0
286,NoSQL-STM-thread-286,50145.04909515381,0
1212,NoSQL-STM-thread-1212,49864.43066596985,0
915,NoSQL-STM-thread-915,49967.35453605652,0
1272,NoSQL-STM-thread-1272,49845.76439857483,0
1447,NoSQL-STM-thread-1447,49781.05688095093,0
1463,NoSQL-STM-thread-1463,49775.36582946777,0
1890,NoSQL-STM-thread-1890,49577.89945602417,0
1409,NoSQL-STM-thread-1409,49809.82422828674,0
576,NoSQL-STM-thread-576,50089.56837654114,0
934,NoSQL-STM-thread-934,50008.00037384033,0
1062,NoSQL-STM-thread-1062,49963.74988555908,0
1500,NoSQL-STM-thread-1500,49808.765172958374,0
713,NoSQL-STM-thread-713,50085.19673347473,0
1270,NoSQL-STM-thread-1270,49896.72374725342,0
1300,NoSQL-STM-thread-1300,50812.74700164795,0
1209,NoSQL-STM-thread-1209,50852.83374786377,0
961,NoSQL-STM-thread-961,50938.159227371216,0
1567,NoSQL-STM-thread-1567,50695.056676864624,0
1369,NoSQL-STM-thread-1369,50810.73808670044,0
1630,NoSQL-STM-thread-1630,50682.36064910889,0
1017,NoSQL-STM-thread-1017,50950.80471038818,0
1258,NoSQL-STM-thread-1258,50885.30659675598,0
1460,NoSQL-STM-thread-1460,50823.44460487366,0
1302,NoSQL-STM-thread-1302,50897.74823188782,0
614,NoSQL-STM-thread-614,51137.96424865723,0
1268,NoSQL-STM-thread-1268,50919.46005821228,0
1626,NoSQL-STM-thread-1626,50753.09109687805,0
1627,NoSQL-STM-thread-1627,51650.74586868286,0
1236,NoSQL-STM-thread-1236,51832.81707763672,0
1988,NoSQL-STM-thread-1988,51499.876737594604,0
1542,NoSQL-STM-thread-1542,51689.54682350159,0
1498,NoSQL-STM-thread-1498,51738.95525932312,0
1297,NoSQL-STM-thread-1297,51813.25364112854,0
1430,NoSQL-STM-thread-1430,51766.2239074707,0
1561,NoSQL-STM-thread-1561,51687.18099594116,0
1524,NoSQL-STM-thread-1524,51700.92797279358,0
1662,NoSQL-STM-thread-1662,51647.65167236328,0
1665,NoSQL-STM-thread-1665,51646.19541168213,0
110,NoSQL-STM-thread-110,52187.45803833008,0
1614,NoSQL-STM-thread-1614,51670.9246635437,0
1681,NoSQL-STM-thread-1681,51640.95497131348,0
1482,NoSQL-STM-thread-1482,51755.45358657837,0
585,NoSQL-STM-thread-585,52061.90037727356,0
1706,NoSQL-STM-thread-1706,51632.1005821228,0
1570,NoSQL-STM-thread-1570,51692.720890045166,0
1548,NoSQL-STM-thread-1548,51713.76609802246,0
1678,NoSQL-STM-thread-1678,51657.06491470337,0
1602,NoSQL-STM-thread-1602,51694.483518600464,0
1213,NoSQL-STM-thread-1213,51880.95045089722,0
1642,NoSQL-STM-thread-1642,51689.9356842041,0
1372,NoSQL-STM-thread-1372,51827.49056816101,0
823,NoSQL-STM-thread-823,52024.25670623779,0
1261,NoSQL-STM-thread-1261,51883.23092460632,0
1189,NoSQL-STM-thread-1189,51911.057472229004,0
1153,NoSQL-STM-thread-1153,51928.67422103882,0
1314,NoSQL-STM-thread-1314,51871.790170669556,0
123,NoSQL-STM-thread-123,52242.40279197693,0
1054,NoSQL-STM-thread-1054,52901.601791381836,0
1849,NoSQL-STM-thread-1849,52560.50109863281,0
1950,NoSQL-STM-thread-1950,52520.21861076355,0
1191,NoSQL-STM-thread-1191,52856.24575614929,0
1670,NoSQL-STM-thread-1670,52643.9323425293,0
1853,NoSQL-STM-thread-1853,52563.30060958862,0
1654,NoSQL-STM-thread-1654,52650.73871612549,0
1504,NoSQL-STM-thread-1504,52743.95394325256,0
1738,NoSQL-STM-thread-1738,52617.85411834717,0
1873,NoSQL-STM-thread-1873,52558.67314338684,0
1283,NoSQL-STM-thread-1283,52828.10616493225,0
125,NoSQL-STM-thread-125,53185.631275177,0
1495,NoSQL-STM-thread-1495,52751.30534172058,0
1552,NoSQL-STM-thread-1552,52701.24864578247,0
1764,NoSQL-STM-thread-1764,52627.44379043579,0
1656,NoSQL-STM-thread-1656,52681.5664768219,0
1541,NoSQL-STM-thread-1541,52731.87875747681,0
1693,NoSQL-STM-thread-1693,52666.65291786194,0
1799,NoSQL-STM-thread-1799,52621.596813201904,0
1047,NoSQL-STM-thread-1047,52944.804668426514,0
1820,NoSQL-STM-thread-1820,52611.854553222656,0
531,NoSQL-STM-thread-531,53109.137773513794,0
1762,NoSQL-STM-thread-1762,52723.35076332092,0
1680,NoSQL-STM-thread-1680,52762.014389038086,0
1465,NoSQL-STM-thread-1465,53795.4204082489,0
292,NoSQL-STM-thread-292,54173.96950721741,0
1798,NoSQL-STM-thread-1798,53639.74833488464,0
1674,NoSQL-STM-thread-1674,53715.25716781616,0
1794,NoSQL-STM-thread-1794,53661.73005104065,0
1877,NoSQL-STM-thread-1877,53629.085063934326,0
1198,NoSQL-STM-thread-1198,53932.78193473816,0
133,NoSQL-STM-thread-133,54256.14285469055,0
1857,NoSQL-STM-thread-1857,53644.83094215393,0
1673,NoSQL-STM-thread-1673,53728.222131729126,0
204,NoSQL-STM-thread-204,54245.704889297485,0
1668,NoSQL-STM-thread-1668,53768.74589920044,0
1381,NoSQL-STM-thread-1381,53915.53068161011,0
1728,NoSQL-STM-thread-1728,53746.253967285156,0
1707,NoSQL-STM-thread-1707,53754.905223846436,0
1957,NoSQL-STM-thread-1957,53653.50341796875,0
124,NoSQL-STM-thread-124,55198.671102523804,0
354,NoSQL-STM-thread-354,55142.805337905884,0
348,NoSQL-STM-thread-348,55145.65873146057,0
231,NoSQL-STM-thread-231,55176.20611190796,0
1948,NoSQL-STM-thread-1948,54554.6760559082,0
317,NoSQL-STM-thread-317,55156.270027160645,0
431,NoSQL-STM-thread-431,55127.67171859741,0
1834,NoSQL-STM-thread-1834,54601.818561553955,0
1947,NoSQL-STM-thread-1947,54558.46643447876,0
172,NoSQL-STM-thread-172,55203.863859176636,0
351,NoSQL-STM-thread-351,55195.810079574585,0
1935,NoSQL-STM-thread-1935,54608.73532295227,0
162,NoSQL-STM-thread-162,55255.77449798584,0
503,NoSQL-STM-thread-503,55171.714782714844,0
370,NoSQL-STM-thread-370,55211.095571517944,0
361,NoSQL-STM-thread-361,55219.712257385254,0
1671,NoSQL-STM-thread-1671,54745.75448036194,0
401,NoSQL-STM-thread-401,55210.551500320435,0
1788,NoSQL-STM-thread-1788,55589.1809463501,0
546,NoSQL-STM-thread-546,56068.753480911255,0
1915,NoSQL-STM-thread-1915,55548.30980300903,0
552,NoSQL-STM-thread-552,56106.02402687073,0
419,NoSQL-STM-thread-419,56140.72918891907,0
421,NoSQL-STM-thread-421,56141.85070991516,0
1703,NoSQL-STM-thread-1703,55670.68934440613,0
1393,NoSQL-STM-thread-1393,55826.98202133179,0
377,NoSQL-STM-thread-377,56154.73222732544,0
289,NoSQL-STM-thread-289,56178.48610877991,0
1696,NoSQL-STM-thread-1696,55676.13983154297,0
402,NoSQL-STM-thread-402,56149.87254142761,0
366,NoSQL-STM-thread-366,56160.179138183594,0
207,NoSQL-STM-thread-207,56201.92217826843,0
413,NoSQL-STM-thread-413,56149.559020996094,0
359,NoSQL-STM-thread-359,56163.35964202881,0
1841,NoSQL-STM-thread-1841,55615.81802368164,0
529,NoSQL-STM-thread-529,56119.88282203674,0
410,NoSQL-STM-thread-410,56151.962995529175,0
339,NoSQL-STM-thread-339,56171.098470687866,0
396,NoSQL-STM-thread-396,56156.47387504578,0
466,NoSQL-STM-thread-466,56139.219760894775,0
199,NoSQL-STM-thread-199,56208.39214324951,0
220,NoSQL-STM-thread-220,56203.51529121399,0
1199,NoSQL-STM-thread-1199,55907.76515007019,0
544,NoSQL-STM-thread-544,56120.20492553711,0
551,NoSQL-STM-thread-551,56141.987800598145,0
244,NoSQL-STM-thread-244,56225.101709365845,0
641,NoSQL-STM-thread-641,56119.60434913635,0
353,NoSQL-STM-thread-353,56198.36091995239,0
1624,NoSQL-STM-thread-1624,56683.913230895996,0
378,NoSQL-STM-thread-378,57132.42721557617,0
579,NoSQL-STM-thread-579,57079.14113998413,0
575,NoSQL-STM-thread-575,57081.010580062866,0
800,NoSQL-STM-thread-800,57015.27237892151,0
526,NoSQL-STM-thread-526,57096.40645980835,0
794,NoSQL-STM-thread-794,57021.151065826416,0
1553,NoSQL-STM-thread-1553,56721.42553329468,0
522,NoSQL-STM-thread-522,57100.465059280396,0
1934,NoSQL-STM-thread-1934,56558.15887451172,0
380,NoSQL-STM-thread-380,57139.04118537903,0
349,NoSQL-STM-thread-349,57155.550479888916,0
527,NoSQL-STM-thread-527,57108.85548591614,0
287,NoSQL-STM-thread-287,57180.03296852112,0
628,NoSQL-STM-thread-628,57098.34599494934,0
445,NoSQL-STM-thread-445,57184.27324295044,0
352,NoSQL-STM-thread-352,57216.4580821991,0
652,NoSQL-STM-thread-652,57143.7623500824,0
799,NoSQL-STM-thread-799,57100.33869743347,0
477,NoSQL-STM-thread-477,57194.03100013733,0
1823,NoSQL-STM-thread-1823,57558.68697166443,0
1103,NoSQL-STM-thread-1103,57875.35858154297,0
555,NoSQL-STM-thread-555,58066.64514541626,0
869,NoSQL-STM-thread-869,57986.873388290405,0
538,NoSQL-STM-thread-538,58084.97714996338,0
787,NoSQL-STM-thread-787,58014.99843597412,0
545,NoSQL-STM-thread-545,58088.0663394928,0
833,NoSQL-STM-thread-833,58005.41639328003,0
810,NoSQL-STM-thread-810,58013.365268707275,0
972,NoSQL-STM-thread-972,57961.26198768616,0
1107,NoSQL-STM-thread-1107,57952.69751548767,0
484,NoSQL-STM-thread-484,59073.9643573761,0
970,NoSQL-STM-thread-970,58953.567028045654,0
516,NoSQL-STM-thread-516,59094.39158439636,0
856,NoSQL-STM-thread-856,58994.89140510559,0
1544,NoSQL-STM-thread-1544,58717.719078063965,0
1125,NoSQL-STM-thread-1125,58903.36799621582,0
992,NoSQL-STM-thread-992,58949.68509674072,0
952,NoSQL-STM-thread-952,58963.42992782593,0
1000,NoSQL-STM-thread-1000,58948.13060760498,0
1411,NoSQL-STM-thread-1411,58801.33247375488,0
867,NoSQL-STM-thread-867,58993.92914772034,0
1104,NoSQL-STM-thread-1104,58914.61396217346,0
669,NoSQL-STM-thread-669,59058.82930755615,0
1096,NoSQL-STM-thread-1096,58917.79375076294,0
656,NoSQL-STM-thread-656,59063.178062438965,0
725,NoSQL-STM-thread-725,59041.903018951416,0
991,NoSQL-STM-thread-991,58955.464124679565,0
999,NoSQL-STM-thread-999,58952.688217163086,0
1946,NoSQL-STM-thread-1946,58553.66015434265,0
1217,NoSQL-STM-thread-1217,58879.20141220093,0
621,NoSQL-STM-thread-621,59075.230836868286,0
1172,NoSQL-STM-thread-1172,58896.68035507202,0
1252,NoSQL-STM-thread-1252,58867.45190620422,0
977,NoSQL-STM-thread-977,58964.40887451172,0
1126,NoSQL-STM-thread-1126,58914.10541534424,0
1093,NoSQL-STM-thread-1093,58925.29559135437,0
1373,NoSQL-STM-thread-1373,58860.1016998291,0
1330,NoSQL-STM-thread-1330,59844.1104888916,0
1083,NoSQL-STM-thread-1083,59935.17065048218,0
469,NoSQL-STM-thread-469,60126.06954574585,0
1216,NoSQL-STM-thread-1216,59891.03436470032,0
1424,NoSQL-STM-thread-1424,59813.96532058716,0
1210,NoSQL-STM-thread-1210,59894.9978351593,0
701,NoSQL-STM-thread-701,60066.646337509155,0
1226,NoSQL-STM-thread-1226,59892.27771759033,0
1032,NoSQL-STM-thread-1032,59958.24456214905,0
1363,NoSQL-STM-thread-1363,59840.3844833374,0
1238,NoSQL-STM-thread-1238,59888.91124725342,0
1264,NoSQL-STM-thread-1264,59877.73156166077,0
1342,NoSQL-STM-thread-1342,59849.75457191467,0
998,NoSQL-STM-thread-998,59972.413778305054,0
737,NoSQL-STM-thread-737,60058.8264465332,0
1227,NoSQL-STM-thread-1227,59895.73884010315,0
622,NoSQL-STM-thread-622,60095.325231552124,0
1234,NoSQL-STM-thread-1234,59894.70958709717,0
1208,NoSQL-STM-thread-1208,59902.759313583374,0
1356,NoSQL-STM-thread-1356,59848.71578216553,0
1200,NoSQL-STM-thread-1200,59912.0512008667,0
1228,NoSQL-STM-thread-1228,59908.1757068634,0
846,NoSQL-STM-thread-846,60038.81120681763,0
176,NoSQL-STM-thread-176,60224.74980354309,0
1110,NoSQL-STM-thread-1110,59948.92692565918,0
1418,NoSQL-STM-thread-1418,59836.08627319336,0
1233,NoSQL-STM-thread-1233,59909.05451774597,0
1235,NoSQL-STM-thread-1235,59908.95867347717,0
1502,NoSQL-STM-thread-1502,59807.67774581909,0
662,NoSQL-STM-thread-662,60099.862813949585,0
902,NoSQL-STM-thread-902,60024.63746070862,0
1394,NoSQL-STM-thread-1394,59849.44128990173,0
839,NoSQL-STM-thread-839,60047.879219055176,0
1323,NoSQL-STM-thread-1323,59879.958629608154,0
1355,NoSQL-STM-thread-1355,59931.58411979675,0
1576,NoSQL-STM-thread-1576,60699.92017745972,0
537,NoSQL-STM-thread-537,61092.846155166626,0
1347,NoSQL-STM-thread-1347,60829.08248901367,0
871,NoSQL-STM-thread-871,60996.99926376343,0
1591,NoSQL-STM-thread-1591,60707.85880088806,0
1518,NoSQL-STM-thread-1518,60735.466718673706,0
1580,NoSQL-STM-thread-1580,60713.7725353241,0
1194,NoSQL-STM-thread-1194,60890.095233917236,0
1639,NoSQL-STM-thread-1639,60689.80288505554,0
1865,NoSQL-STM-thread-1865,61557.183504104614,0
1444,NoSQL-STM-thread-1444,61792.68956184387,0
1832,NoSQL-STM-thread-1832,61602.42033004761,0
1864,NoSQL-STM-thread-1864,61590.37899971008,0
117,NoSQL-STM-thread-117,62215.05117416382,0
1349,NoSQL-STM-thread-1349,61833.98222923279,0
451,NoSQL-STM-thread-451,62126.05571746826,0
752,NoSQL-STM-thread-752,62042.1040058136,0
1852,NoSQL-STM-thread-1852,61600.20709037781,0
108,NoSQL-STM-thread-108,62222.514390945435,0
1108,NoSQL-STM-thread-1108,61926.055908203125,0
1822,NoSQL-STM-thread-1822,61616.33038520813,0
1513,NoSQL-STM-thread-1513,61751.27673149109,0
1333,NoSQL-STM-thread-1333,61850.27241706848,0
1433,NoSQL-STM-thread-1433,61814.088344573975,0
1380,NoSQL-STM-thread-1380,61847.71633148193,0
1884,NoSQL-STM-thread-1884,61611.082553863525,0
1336,NoSQL-STM-thread-1336,61867.084980010986,0
1243,NoSQL-STM-thread-1243,61903.74517440796,0
1620,NoSQL-STM-thread-1620,61729.000091552734,0
1833,NoSQL-STM-thread-1833,61703.163623809814,0
1796,NoSQL-STM-thread-1796,61720.17192840576,0
1211,NoSQL-STM-thread-1211,61989.03441429138,0
1291,NoSQL-STM-thread-1291,62843.204498291016,0
1855,NoSQL-STM-thread-1855,62592.2167301178,0
1274,NoSQL-STM-thread-1274,62857.20205307007,0
1758,NoSQL-STM-thread-1758,62637.181758880615,0
218,NoSQL-STM-thread-218,63186.572551727295,0
230,NoSQL-STM-thread-230,63185.15086174011,0
1859,NoSQL-STM-thread-1859,62597.049713134766,0
1997,NoSQL-STM-thread-1997,62543.699741363525,0
1821,NoSQL-STM-thread-1821,62615.06271362305,0
1895,NoSQL-STM-thread-1895,62586.58266067505,0
1757,NoSQL-STM-thread-1757,62646.23951911926,0
1940,NoSQL-STM-thread-1940,62568.986892700195,0
224,NoSQL-STM-thread-224,63195.68991661072,0
1816,NoSQL-STM-thread-1816,62626.267433166504,0
1844,NoSQL-STM-thread-1844,62623.89397621155,0
126,NoSQL-STM-thread-126,63268.263816833496,0
228,NoSQL-STM-thread-228,63239.2737865448,0
1421,NoSQL-STM-thread-1421,62864.45689201355,0
129,NoSQL-STM-thread-129,63289.7253036499,0
1987,NoSQL-STM-thread-1987,62621.219873428345,0
1992,NoSQL-STM-thread-1992,62619.78816986084,0
1803,NoSQL-STM-thread-1803,63581.0067653656,0
201,NoSQL-STM-thread-201,64159.17491912842,0
161,NoSQL-STM-thread-161,64170.89247703552,0
178,NoSQL-STM-thread-178,64167.86050796509,0
149,NoSQL-STM-thread-149,64178.45034599304,0
1534,NoSQL-STM-thread-1534,63724.276065826416,0
155,NoSQL-STM-thread-155,64196.12121582031,0
1231,NoSQL-STM-thread-1231,63871.636629104614,0
153,NoSQL-STM-thread-153,64198.86898994446,0
1249,NoSQL-STM-thread-1249,63866.51921272278,0
1989,NoSQL-STM-thread-1989,63538.30528259277,0
1202,NoSQL-STM-thread-1202,63894.99545097351,0
1795,NoSQL-STM-thread-1795,63627.13694572449,0
1316,NoSQL-STM-thread-1316,63853.60097885132,0
425,NoSQL-STM-thread-425,64139.934062957764,0
159,NoSQL-STM-thread-159,64211.30347251892,0
1985,NoSQL-STM-thread-1985,63551.71823501587,0
134,NoSQL-STM-thread-134,64219.44165229797,0
1896,NoSQL-STM-thread-1896,63588.98425102234,0
1809,NoSQL-STM-thread-1809,63624.17817115784,0
166,NoSQL-STM-thread-166,64211.11869812012,0
1824,NoSQL-STM-thread-1824,63619.62366104126,0
1998,NoSQL-STM-thread-1998,63550.21834373474,0
208,NoSQL-STM-thread-208,64222.38063812256,0
157,NoSQL-STM-thread-157,65199.366331100464,0
1847,NoSQL-STM-thread-1847,64594.91300582886,0
368,NoSQL-STM-thread-368,65146.02851867676,0
297,NoSQL-STM-thread-297,65164.44134712219,0
444,NoSQL-STM-thread-444,65126.946687698364,0
791,NoSQL-STM-thread-791,65029.136657714844,0
1996,NoSQL-STM-thread-1996,64539.17050361633,0
184,NoSQL-STM-thread-184,65195.92881202698,0
237,NoSQL-STM-thread-237,65181.421756744385,0
630,NoSQL-STM-thread-630,65079.357385635376,0
638,NoSQL-STM-thread-638,65077.31580734253,0
462,NoSQL-STM-thread-462,65124.94921684265,0
1473,NoSQL-STM-thread-1473,64790.292739868164,0
1512,NoSQL-STM-thread-1512,64749.89175796509,0
821,NoSQL-STM-thread-821,65027.769565582275,0
734,NoSQL-STM-thread-734,65053.70831489563,0
1800,NoSQL-STM-thread-1800,64631.4058303833,0
795,NoSQL-STM-thread-795,65041.25380516052,0
1623,NoSQL-STM-thread-1623,64712.775230407715,0
1829,NoSQL-STM-thread-1829,64630.37109375,0
1608,NoSQL-STM-thread-1608,64764.40978050232,0
705,NoSQL-STM-thread-705,65114.49456214905,0
151,NoSQL-STM-thread-151,65271.31152153015,0
214,NoSQL-STM-thread-214,66173.99597167969,0
928,NoSQL-STM-thread-928,65970.68214416504,0
922,NoSQL-STM-thread-922,65973.86598587036,0
1828,NoSQL-STM-thread-1828,65596.1720943451,0
715,NoSQL-STM-thread-715,66045.254945755,0
666,NoSQL-STM-thread-666,66062.58606910706,0
454,NoSQL-STM-thread-454,66122.07388877869,0
660,NoSQL-STM-thread-660,66065.45782089233,0
255,NoSQL-STM-thread-255,66173.84600639343,0
766,NoSQL-STM-thread-766,66033.88810157776,0
831,NoSQL-STM-thread-831,66015.90657234192,0
643,NoSQL-STM-thread-643,66073.04835319519,0
435,NoSQL-STM-thread-435,66129.38284873962,0
447,NoSQL-STM-thread-447,66126.21474266052,0
457,NoSQL-STM-thread-457,66125.10466575623,0
627,NoSQL-STM-thread-627,66079.63871955872,0
211,NoSQL-STM-thread-211,66192.37422943115,0
1068,NoSQL-STM-thread-1068,65944.19765472412,0
608,NoSQL-STM-thread-608,66098.2141494751,0
773,NoSQL-STM-thread-773,66053.53212356567,0
1076,NoSQL-STM-thread-1076,65976.33004188538,0
1002,NoSQL-STM-thread-1002,66014.97268676758,0
890,NoSQL-STM-thread-890,66055.46832084656,0
1023,NoSQL-STM-thread-1023,66923.89798164368,0
594,NoSQL-STM-thread-594,67067.41786003113,0
1247,NoSQL-STM-thread-1247,66863.8060092926,0
1220,NoSQL-STM-thread-1220,66876.60527229309,0
926,NoSQL-STM-thread-926,66977.50639915466,0
828,NoSQL-STM-thread-828,67011.075258255,0
774,NoSQL-STM-thread-774,67026.90720558167,0
1121,NoSQL-STM-thread-1121,66915.67659378052,0
681,NoSQL-STM-thread-681,67061.5119934082,0
226,NoSQL-STM-thread-226,67182.36660957336,0
909,NoSQL-STM-thread-909,66989.51530456543,0
1975,NoSQL-STM-thread-1975,66549.16620254517,0
180,NoSQL-STM-thread-180,67200.92177391052,0
232,NoSQL-STM-thread-232,67188.90738487244,0
1366,NoSQL-STM-thread-1366,66838.11283111572,0
448,NoSQL-STM-thread-448,67153.23996543884,0
1021,NoSQL-STM-thread-1021,66994.63152885437,0
951,NoSQL-STM-thread-951,67022.04585075378,0
1304,NoSQL-STM-thread-1304,67820.4140663147,0
956,NoSQL-STM-thread-956,67943.17364692688,0
1148,NoSQL-STM-thread-1148,67876.95717811584,0
761,NoSQL-STM-thread-761,68011.21640205383,0
1279,NoSQL-STM-thread-1279,67834.35916900635,0
953,NoSQL-STM-thread-953,67951.89356803894,0
1496,NoSQL-STM-thread-1496,67770.24054527283,0
939,NoSQL-STM-thread-939,67973.82044792175,0
1024,NoSQL-STM-thread-1024,67944.45896148682,0
994,NoSQL-STM-thread-994,67956.77542686462,0
1307,NoSQL-STM-thread-1307,67845.69215774536,0
1392,NoSQL-STM-thread-1392,67814.59069252014,0
624,NoSQL-STM-thread-624,68076.83658599854,0
1267,NoSQL-STM-thread-1267,67862.29205131531,0
1197,NoSQL-STM-thread-1197,67889.52732086182,0
1141,NoSQL-STM-thread-1141,67909.74736213684,0
690,NoSQL-STM-thread-690,68095.65305709839,0
1152,NoSQL-STM-thread-1152,67944.07773017883,0
1289,NoSQL-STM-thread-1289,67895.08605003357,0
1285,NoSQL-STM-thread-1285,67897.98212051392,0
1281,NoSQL-STM-thread-1281,67900.11525154114,0
1295,NoSQL-STM-thread-1295,67895.41149139404,0
1081,NoSQL-STM-thread-1081,67975.67963600159,0
1622,NoSQL-STM-thread-1622,67743.10183525085,0
1305,NoSQL-STM-thread-1305,67898.30780029297,0
932,NoSQL-STM-thread-932,68031.2430858612,0
1493,NoSQL-STM-thread-1493,67829.66089248657,0
1115,NoSQL-STM-thread-1115,68923.63929748535,0
1702,NoSQL-STM-thread-1702,68679.0246963501,0
1554,NoSQL-STM-thread-1554,68746.89054489136,0
1564,NoSQL-STM-thread-1564,68762.47835159302,0
1490,NoSQL-STM-thread-1490,68822.55363464355,0
1724,NoSQL-STM-thread-1724,68695.28126716614,0
1464,NoSQL-STM-thread-1464,68831.55822753906,0
1407,NoSQL-STM-thread-1407,68854.7580242157,0
120,NoSQL-STM-thread-120,69257.79104232788,0
631,NoSQL-STM-thread-631,69121.07706069946,0
1714,NoSQL-STM-thread-1714,68703.34100723267,0
1661,NoSQL-STM-thread-1661,68727.24437713623,0
1731,NoSQL-STM-thread-1731,68699.6476650238,0
1721,NoSQL-STM-thread-1721,68703.2220363617,0
1517,NoSQL-STM-thread-1517,68789.54482078552,0
109,NoSQL-STM-thread-109,69269.99354362488,0
1003,NoSQL-STM-thread-1003,69010.30850410461,0
1484,NoSQL-STM-thread-1484,68844.92754936218,0
1514,NoSQL-STM-thread-1514,68803.32684516907,0
1280,NoSQL-STM-thread-1280,68928.51233482361,0
1312,NoSQL-STM-thread-1312,68928.56931686401,0
1195,NoSQL-STM-thread-1195,68977.26917266846,0
1777,NoSQL-STM-thread-1777,68791.96572303772,0
1489,NoSQL-STM-thread-1489,69758.85486602783,0
137,NoSQL-STM-thread-137,70188.28392028809,0
1900,NoSQL-STM-thread-1900,69560.91022491455,0
1562,NoSQL-STM-thread-1562,69717.90957450867,0
1319,NoSQL-STM-thread-1319,69839.16687965393,0
910,NoSQL-STM-thread-910,69985.02993583679,0
1699,NoSQL-STM-thread-1699,69658.32614898682,0
1533,NoSQL-STM-thread-1533,69730.08704185486,0
1739,NoSQL-STM-thread-1739,69644.68193054199,0
889,NoSQL-STM-thread-889,69994.39239501953,0
1445,NoSQL-STM-thread-1445,69797.31249809265,0
1672,NoSQL-STM-thread-1672,69675.83799362183,0
1599,NoSQL-STM-thread-1599,69710.51073074341,0
1697,NoSQL-STM-thread-1697,69666.88871383667,0
1575,NoSQL-STM-thread-1575,69734.75980758667,0
1722,NoSQL-STM-thread-1722,69675.9786605835,0
1584,NoSQL-STM-thread-1584,69738.8527393341,0
1815,NoSQL-STM-thread-1815,69657.43923187256,0
1918,NoSQL-STM-thread-1918,69616.08648300171,0
478,NoSQL-STM-thread-478,71123.10791015625,0
296,NoSQL-STM-thread-296,71172.30248451233,0
1956,NoSQL-STM-thread-1956,70562.93272972107,0
1730,NoSQL-STM-thread-1730,70660.96758842468,0
1720,NoSQL-STM-thread-1720,70664.724111557,0
619,NoSQL-STM-thread-619,71089.23506736755,0
612,NoSQL-STM-thread-612,71093.49608421326,0
345,NoSQL-STM-thread-345,71166.27335548401,0
1831,NoSQL-STM-thread-1831,70620.71371078491,0
1700,NoSQL-STM-thread-1700,70679.4421672821,0
1290,NoSQL-STM-thread-1290,70871.25039100647,0
170,NoSQL-STM-thread-170,71220.50595283508,0
1984,NoSQL-STM-thread-1984,70568.90487670898,0
1505,NoSQL-STM-thread-1505,70800.48894882202,0
1876,NoSQL-STM-thread-1876,70614.15028572083,0
1543,NoSQL-STM-thread-1543,70757.4622631073,0
502,NoSQL-STM-thread-502,71138.18073272705,0
673,NoSQL-STM-thread-673,71091.29214286804,0
278,NoSQL-STM-thread-278,71196.77257537842,0
311,NoSQL-STM-thread-311,71191.073179245,0
1907,NoSQL-STM-thread-1907,70601.97281837463,0
264,NoSQL-STM-thread-264,71204.0364742279,0
135,NoSQL-STM-thread-135,71286.93270683289,0
165,NoSQL-STM-thread-165,72185.45818328857,0
463,NoSQL-STM-thread-463,72109.62772369385,0
1704,NoSQL-STM-thread-1704,71648.86164665222,0
736,NoSQL-STM-thread-736,72033.15925598145,0
1523,NoSQL-STM-thread-1523,71727.4444103241,0
450,NoSQL-STM-thread-450,72114.0148639679,0
465,NoSQL-STM-thread-465,72111.35506629944,0
1911,NoSQL-STM-thread-1911,71559.92126464844,0
193,NoSQL-STM-thread-193,72183.91728401184,0
485,NoSQL-STM-thread-485,72107.27405548096,0
427,NoSQL-STM-thread-427,72122.3292350769,0
499,NoSQL-STM-thread-499,72103.00397872925,0
501,NoSQL-STM-thread-501,72104.05087471008,0
167,NoSQL-STM-thread-167,72194.11087036133,0
748,NoSQL-STM-thread-748,72041.43929481506,0
217,NoSQL-STM-thread-217,72186.84101104736,0
393,NoSQL-STM-thread-393,72145.78223228455,0
364,NoSQL-STM-thread-364,72152.67753601074,0
665,NoSQL-STM-thread-665,72072.94821739197,0
587,NoSQL-STM-thread-587,72094.20776367188,0
803,NoSQL-STM-thread-803,72031.2762260437,0
578,NoSQL-STM-thread-578,72098.55890274048,0
474,NoSQL-STM-thread-474,72126.38783454895,0
235,NoSQL-STM-thread-235,72190.36674499512,0
1733,NoSQL-STM-thread-1733,71660.25471687317,0
917,NoSQL-STM-thread-917,72022.70841598511,0
331,NoSQL-STM-thread-331,72194.22268867493,0
798,NoSQL-STM-thread-798,72065.5255317688,0
945,NoSQL-STM-thread-945,72968.8651561737,0
389,NoSQL-STM-thread-389,73136.9857788086,0
618,NoSQL-STM-thread-618,73099.9481678009,0
1101,NoSQL-STM-thread-1101,72946.14124298096,0
1494,NoSQL-STM-thread-1494,72802.58703231812,0
830,NoSQL-STM-thread-830,73040.88091850281,0
395,NoSQL-STM-thread-395,73164.19124603271,0
1001,NoSQL-STM-thread-1001,72982.55062103271,0
464,NoSQL-STM-thread-464,73147.61161804199,0
635,NoSQL-STM-thread-635,73103.72877120972,0
819,NoSQL-STM-thread-819,73054.58378791809,0
888,NoSQL-STM-thread-888,73036.2823009491,0
1174,NoSQL-STM-thread-1174,72940.97232818604,0
1056,NoSQL-STM-thread-1056,73043.89524459839,0
394,NoSQL-STM-thread-394,73248.34394454956,0
1588,NoSQL-STM-thread-1588,73688.2381439209,0
777,NoSQL-STM-thread-777,74009.3924999237,0
807,NoSQL-STM-thread-807,74001.28030776978,0
921,NoSQL-STM-thread-921,73978.25360298157,0
841,NoSQL-STM-thread-841,74006.45446777344,0
1388,NoSQL-STM-thread-1388,73823.34423065186,0
699,NoSQL-STM-thread-699,74065.18030166626,0
1157,NoSQL-STM-thread-1157,73921.81730270386,0
1390,NoSQL-STM-thread-1390,73841.31002426147,0
1078,NoSQL-STM-thread-1078,73954.93388175964,0
882,NoSQL-STM-thread-882,74024.33919906616,0
1129,NoSQL-STM-thread-1129,73940.13261795044,0
1128,NoSQL-STM-thread-1128,73941.19620323181,0
790,NoSQL-STM-thread-790,74055.29522895813,0
637,NoSQL-STM-thread-637,74102.40006446838,0
1382,NoSQL-STM-thread-1382,73847.61571884155,0
806,NoSQL-STM-thread-806,74054.27575111389,0
1187,NoSQL-STM-thread-1187,73922.73616790771,0
1318,NoSQL-STM-thread-1318,73875.58627128601,0
663,NoSQL-STM-thread-663,74098.15382957458,0
801,NoSQL-STM-thread-801,74056.74242973328,0
779,NoSQL-STM-thread-779,74063.86184692383,0
1117,NoSQL-STM-thread-1117,73951.38549804688,0
1451,NoSQL-STM-thread-1451,73835.90030670166,0
1137,NoSQL-STM-thread-1137,73952.90303230286,0
1397,NoSQL-STM-thread-1397,73858.46781730652,0
1166,NoSQL-STM-thread-1166,73942.9087638855,0
1138,NoSQL-STM-thread-1138,73969.04921531677,0
1589,NoSQL-STM-thread-1589,73772.77183532715,0
743,NoSQL-STM-thread-743,75025.18796920776,0
927,NoSQL-STM-thread-927,74968.07885169983,0
840,NoSQL-STM-thread-840,75016.53790473938,0
1923,NoSQL-STM-thread-1923,74616.75667762756,0
1539,NoSQL-STM-thread-1539,74784.21568870544,0
1425,NoSQL-STM-thread-1425,74859.71331596375,0
1466,NoSQL-STM-thread-1466,74845.96395492554,0
1571,NoSQL-STM-thread-1571,74778.99932861328,0
1612,NoSQL-STM-thread-1612,74761.28649711609,0
213,NoSQL-STM-thread-213,75249.1500377655,0
1419,NoSQL-STM-thread-1419,74869.30084228516,0
1727,NoSQL-STM-thread-1727,74717.28038787842,0
1288,NoSQL-STM-thread-1288,74920.41182518005,0
1412,NoSQL-STM-thread-1412,74876.51228904724,0
1423,NoSQL-STM-thread-1423,74872.61366844177,0
938,NoSQL-STM-thread-938,75047.72710800171,0
1933,NoSQL-STM-thread-1933,74632.21740722656,0
1782,NoSQL-STM-thread-1782,74695.59264183044,0
1387,NoSQL-STM-thread-1387,74889.67704772949,0
1144,NoSQL-STM-thread-1144,74979.67743873596,0
1405,NoSQL-STM-thread-1405,74883.78810882568,0
1943,NoSQL-STM-thread-1943,74661.47089004517,0
1880,NoSQL-STM-thread-1880,75558.20345878601,0
1916,NoSQL-STM-thread-1916,75546.52976989746,0
866,NoSQL-STM-thread-866,76026.6900062561,0
1573,NoSQL-STM-thread-1573,75743.01290512085,0
1869,NoSQL-STM-thread-1869,75615.61226844788,0
1914,NoSQL-STM-thread-1914,75593.51778030396,0
1959,NoSQL-STM-thread-1959,75578.24540138245,0
1204,NoSQL-STM-thread-1204,75913.47217559814,1
398,NoSQL-STM-thread-398,76165.43173789978,0
1792,NoSQL-STM-thread-1792,75647.78327941895,0
1408,NoSQL-STM-thread-1408,75841.98236465454,0
1774,NoSQL-STM-thread-1774,75660.60614585876,0
1716,NoSQL-STM-thread-1716,75689.05973434448,0
1771,NoSQL-STM-thread-1771,75664.22486305237,0
1378,NoSQL-STM-thread-1378,75856.50324821472,0
1786,NoSQL-STM-thread-1786,75662.31298446655,0
1779,NoSQL-STM-thread-1779,75666.57757759094,0
1941,NoSQL-STM-thread-1941,75602.5276184082,0
1629,NoSQL-STM-thread-1629,75738.37161064148,0
1527,NoSQL-STM-thread-1527,75782.25779533386,0
1586,NoSQL-STM-thread-1586,75760.50019264221,0
1768,NoSQL-STM-thread-1768,75680.7632446289,0
1725,NoSQL-STM-thread-1725,75701.90691947937,0
173,NoSQL-STM-thread-173,77216.53914451599,0
423,NoSQL-STM-thread-423,77151.0124206543,0
1130,NoSQL-STM-thread-1130,76935.12415885925,0
1805,NoSQL-STM-thread-1805,76647.50218391418,0
363,NoSQL-STM-thread-363,77182.09338188171,0
442,NoSQL-STM-thread-442,77171.25129699707,0
1773,NoSQL-STM-thread-1773,76673.43068122864,0
1830,NoSQL-STM-thread-1830,76680.30047416687,0
1338,NoSQL-STM-thread-1338,76914.39652442932,0
476,NoSQL-STM-thread-476,77194.51189041138,0
597,NoSQL-STM-thread-597,77162.17875480652,0
604,NoSQL-STM-thread-604,77166.37897491455,0
308,NoSQL-STM-thread-308,77246.14429473877,0
554,NoSQL-STM-thread-554,77182.86371231079,0
197,NoSQL-STM-thread-197,77279.00171279907,0
122,NoSQL-STM-thread-122,77301.10216140747,0
933,NoSQL-STM-thread-933,77075.923204422,0
816,NoSQL-STM-thread-816,77115.95845222473,0
536,NoSQL-STM-thread-536,77212.61382102966,0
174,NoSQL-STM-thread-174,77311.77544593811,0
659,NoSQL-STM-thread-659,77218.31202507019,0
388,NoSQL-STM-thread-388,77293.1387424469,0
405,NoSQL-STM-thread-405,77290.96865653992,0
805,NoSQL-STM-thread-805,78058.97426605225,0
1014,NoSQL-STM-thread-1014,77991.72925949097,0
1912,NoSQL-STM-thread-1912,77629.65631484985,0
1044,NoSQL-STM-thread-1044,78004.26506996155,0
770,NoSQL-STM-thread-770,78098.21891784668,0
682,NoSQL-STM-thread-682,78142.16828346252,0
881,NoSQL-STM-thread-881,78097.00679779053,0
676,NoSQL-STM-thread-676,78169.11578178406,0
883,NoSQL-STM-thread-883,78103.23858261108,0
1315,NoSQL-STM-thread-1315,77952.13651657104,0
724,NoSQL-STM-thread-724,78154.3402671814,0
838,NoSQL-STM-thread-838,78120.73874473572,0
685,NoSQL-STM-thread-685,78166.99266433716,0
937,NoSQL-STM-thread-937,78087.36252784729,0
534,NoSQL-STM-thread-534,78213.00101280212,0
1936,NoSQL-STM-thread-1936,77701.71356201172,0
769,NoSQL-STM-thread-769,78180.37819862366,0
112,NoSQL-STM-thread-112,78362.63251304626,0
386,NoSQL-STM-thread-386,78289.86811637878,0
1112,NoSQL-STM-thread-1112,78067.51346588135,0
1262,NoSQL-STM-thread-1262,78014.1966342926,0
414,NoSQL-STM-thread-414,78283.1060886383,0
1753,NoSQL-STM-thread-1753,77791.92304611206,0
716,NoSQL-STM-thread-716,78202.32009887695,0
1269,NoSQL-STM-thread-1269,78866.52660369873,0
1111,NoSQL-STM-thread-1111,78924.30233955383,0
1278,NoSQL-STM-thread-1278,78905.86352348328,0
1196,NoSQL-STM-thread-1196,78941.02001190186,0
1359,NoSQL-STM-thread-1359,78887.65120506287,0
1105,NoSQL-STM-thread-1105,78980.05414009094,0
749,NoSQL-STM-thread-749,79098.02675247192,0
1088,NoSQL-STM-thread-1088,78987.63346672058,0
1455,NoSQL-STM-thread-1455,78855.44419288635,0
1592,NoSQL-STM-thread-1592,78773.98014068604,0
1469,NoSQL-STM-thread-1469,78851.76348686218,0
745,NoSQL-STM-thread-745,79105.2815914154,0
136,NoSQL-STM-thread-136,79276.10468864441,1
949,NoSQL-STM-thread-949,79042.19889640808,0
1898,NoSQL-STM-thread-1898,78643.50390434265,0
1095,NoSQL-STM-thread-1095,78992.96998977661,0
960,NoSQL-STM-thread-960,79037.86849975586,0
623,NoSQL-STM-thread-623,79146.17538452148,0
1362,NoSQL-STM-thread-1362,78896.92640304565,0
1428,NoSQL-STM-thread-1428,78872.3611831665,0
1613,NoSQL-STM-thread-1613,78771.86012268066,0
1284,NoSQL-STM-thread-1284,78927.26945877075,0
1010,NoSQL-STM-thread-1010,79026.84426307678,0
709,NoSQL-STM-thread-709,79125.30589103699,0
764,NoSQL-STM-thread-764,79108.85119438171,0
753,NoSQL-STM-thread-753,79113.05952072144,0
808,NoSQL-STM-thread-808,79098.87409210205,0
1046,NoSQL-STM-thread-1046,79017.7686214447,0
797,NoSQL-STM-thread-797,79114.94708061218,0
887,NoSQL-STM-thread-887,79097.71084785461,0
358,NoSQL-STM-thread-358,80165.20071029663,0
1549,NoSQL-STM-thread-1549,79744.44484710693,0
334,NoSQL-STM-thread-334,80173.499584198,0
1600,NoSQL-STM-thread-1600,79726.45854949951,0
1860,NoSQL-STM-thread-1860,79611.43231391907,0
1585,NoSQL-STM-thread-1585,79733.48879814148,0
384,NoSQL-STM-thread-384,80174.82447624207,0
1582,NoSQL-STM-thread-1582,79749.59444999695,0
1296,NoSQL-STM-thread-1296,79896.41642570496,0
1961,NoSQL-STM-thread-1961,79599.59316253662,0
1761,NoSQL-STM-thread-1761,79682.34658241272,0
1102,NoSQL-STM-thread-1102,79972.24068641663,0
1837,NoSQL-STM-thread-1837,79652.27556228638,0
1650,NoSQL-STM-thread-1650,79735.05330085754,0
1601,NoSQL-STM-thread-1601,79773.80585670471,0
1755,NoSQL-STM-thread-1755,79706.15005493164,0
417,NoSQL-STM-thread-417,81136.33465766907,0
1022,NoSQL-STM-thread-1022,80960.80613136292,0
412,NoSQL-STM-thread-412,81148.1306552887,0
1922,NoSQL-STM-thread-1922,80579.74457740784,0
848,NoSQL-STM-thread-848,81027.01425552368,0
1861,NoSQL-STM-thread-1861,80610.71586608887,0
1908,NoSQL-STM-thread-1908,80589.26892280579,0
1772,NoSQL-STM-thread-1772,80649.84774589539,0
1982,NoSQL-STM-thread-1982,80563.27509880066,0
257,NoSQL-STM-thread-257,81194.01812553406,0
1560,NoSQL-STM-thread-1560,80742.90752410889,0
111,NoSQL-STM-thread-111,81235.36252975464,0
1692,NoSQL-STM-thread-1692,80684.330701828,0
1974,NoSQL-STM-thread-1974,80567.72923469543,0
260,NoSQL-STM-thread-260,81195.04046440125,0
360,NoSQL-STM-thread-360,81171.61178588867,0
459,NoSQL-STM-thread-459,81145.25556564331,0
511,NoSQL-STM-thread-511,81132.14683532715,0
1942,NoSQL-STM-thread-1942,80583.37330818176,0
119,NoSQL-STM-thread-119,81238.30819129944,0
686,NoSQL-STM-thread-686,81088.4473323822,0
1964,NoSQL-STM-thread-1964,80579.31637763977,0
367,NoSQL-STM-thread-367,81177.29592323303,0
455,NoSQL-STM-thread-455,81157.60493278503,0
1595,NoSQL-STM-thread-1595,80776.14498138428,0
625,NoSQL-STM-thread-625,82094.30885314941,0
1077,NoSQL-STM-thread-1077,81958.93812179565,0
1074,NoSQL-STM-thread-1074,81959.9781036377,0
1399,NoSQL-STM-thread-1399,81843.04690361023,0
1414,NoSQL-STM-thread-1414,81837.80837059021,0
1969,NoSQL-STM-thread-1969,81579.66542243958,0
302,NoSQL-STM-thread-302,82193.95279884338,0
876,NoSQL-STM-thread-876,82030.40981292725,0
1434,NoSQL-STM-thread-1434,81832.2868347168,0
654,NoSQL-STM-thread-654,82100.97289085388,0
241,NoSQL-STM-thread-241,82210.58201789856,0
995,NoSQL-STM-thread-995,81990.51785469055,0
900,NoSQL-STM-thread-900,82025.98094940186,0
899,NoSQL-STM-thread-899,82025.98094940186,0
847,NoSQL-STM-thread-847,82044.67701911926,0
1442,NoSQL-STM-thread-1442,81831.02631568909,0
710,NoSQL-STM-thread-710,82085.43038368225,0
592,NoSQL-STM-thread-592,82120.70941925049,0
792,NoSQL-STM-thread-792,82061.34176254272,0
240,NoSQL-STM-thread-240,82213.65427970886,0
873,NoSQL-STM-thread-873,82035.49766540527,0
1525,NoSQL-STM-thread-1525,81774.58786964417,0
1286,NoSQL-STM-thread-1286,81893.81527900696,0
780,NoSQL-STM-thread-780,82069.58818435669,0
261,NoSQL-STM-thread-261,82213.13953399658,0
1071,NoSQL-STM-thread-1071,81973.47354888916,0
762,NoSQL-STM-thread-762,82076.8404006958,0
793,NoSQL-STM-thread-793,82101.37510299683,0
1926,NoSQL-STM-thread-1926,82582.66019821167,0
954,NoSQL-STM-thread-954,82992.73562431335,0
739,NoSQL-STM-thread-739,83062.47925758362,0
1287,NoSQL-STM-thread-1287,82877.25305557251,0
1162,NoSQL-STM-thread-1162,82924.3597984314,0
1005,NoSQL-STM-thread-1005,82979.13241386414,0
768,NoSQL-STM-thread-768,83058.45189094543,0
1266,NoSQL-STM-thread-1266,82888.6067867279,0
1406,NoSQL-STM-thread-1406,82836.48014068604,0
722,NoSQL-STM-thread-722,83075.28233528137,0
1472,NoSQL-STM-thread-1472,82873.6822605133,0
1971,NoSQL-STM-thread-1971,82636.24691963196,0
1954,NoSQL-STM-thread-1954,82658.88547897339,0
1303,NoSQL-STM-thread-1303,82960.59513092041,0
1317,NoSQL-STM-thread-1317,82960.2198600769,0
1618,NoSQL-STM-thread-1618,82814.35465812683,0
852,NoSQL-STM-thread-852,83126.72972679138,0
1184,NoSQL-STM-thread-1184,83011.43670082092,0
905,NoSQL-STM-thread-905,83109.73834991455,0
1370,NoSQL-STM-thread-1370,82945.26791572571,0
1322,NoSQL-STM-thread-1322,83841.7718410492,0
1326,NoSQL-STM-thread-1326,83842.27705001831,0
1791,NoSQL-STM-thread-1791,83624.08542633057,0
1244,NoSQL-STM-thread-1244,83889.27984237671,1
1756,NoSQL-STM-thread-1756,83657.20105171204,0
1713,NoSQL-STM-thread-1713,83676.9151687622,0
607,NoSQL-STM-thread-607,84104.98929023743,0
1913,NoSQL-STM-thread-1913,83592.19098091125,0
1515,NoSQL-STM-thread-1515,83762.90798187256,0
1535,NoSQL-STM-thread-1535,83756.67238235474,0
1173,NoSQL-STM-thread-1173,83921.86903953552,0
1100,NoSQL-STM-thread-1100,83950.50239562988,0
609,NoSQL-STM-thread-609,84111.7787361145,0
1742,NoSQL-STM-thread-1742,83674.9312877655,0
1277,NoSQL-STM-thread-1277,83889.85085487366,0
520,NoSQL-STM-thread-520,84150.51317214966,0
1858,NoSQL-STM-thread-1858,83640.25378227234,0
661,NoSQL-STM-thread-661,84114.93349075317,0
1695,NoSQL-STM-thread-1695,83712.75854110718,0
1422,NoSQL-STM-thread-1422,83854.57611083984,0
1337,NoSQL-STM-thread-1337,83887.24136352539,0
1386,NoSQL-STM-thread-1386,83868.13449859619,0
1404,NoSQL-STM-thread-1404,83861.243724823,0
1360,NoSQL-STM-thread-1360,83879.83751296997,0
515,NoSQL-STM-thread-515,84172.99175262451,0
845,NoSQL-STM-thread-845,84080.34420013428,0
1736,NoSQL-STM-thread-1736,83717.5121307373,0
1745,NoSQL-STM-thread-1745,84637.41302490234,0
738,NoSQL-STM-thread-738,85066.66111946106,0
897,NoSQL-STM-thread-897,85018.59712600708,0
304,NoSQL-STM-thread-304,85188.49849700928,0
567,NoSQL-STM-thread-567,85121.2043762207,0
851,NoSQL-STM-thread-851,85037.44006156921,0
504,NoSQL-STM-thread-504,85138.97562026978,0
1449,NoSQL-STM-thread-1449,84836.14349365234,0
128,NoSQL-STM-thread-128,85257.44462013245,0
298,NoSQL-STM-thread-298,85212.6841545105,0
842,NoSQL-STM-thread-842,85063.0853176117,0
957,NoSQL-STM-thread-957,85024.79791641235,0
1497,NoSQL-STM-thread-1497,84844.09403800964,0
601,NoSQL-STM-thread-601,85150.72798728943,0
1526,NoSQL-STM-thread-1526,84805.0308227539,0
1793,NoSQL-STM-thread-1793,84698.80747795105,0
533,NoSQL-STM-thread-533,85183.08091163635,0
668,NoSQL-STM-thread-668,85148.81539344788,0
521,NoSQL-STM-thread-521,85190.0520324707,0
1026,NoSQL-STM-thread-1026,85035.88199615479,0
1151,NoSQL-STM-thread-1151,84995.76044082642,0
1438,NoSQL-STM-thread-1438,84891.92271232605,0
1458,NoSQL-STM-thread-1458,85788.88940811157,0
1835,NoSQL-STM-thread-1835,85601.01342201233,0
1429,NoSQL-STM-thread-1429,85801.49555206299,0
603,NoSQL-STM-thread-603,86086.93075180054,0
1435,NoSQL-STM-thread-1435,85804.98123168945,0
1410,NoSQL-STM-thread-1410,85815.70839881897,0
1413,NoSQL-STM-thread-1413,85849.1997718811,0
1341,NoSQL-STM-thread-1341,85878.08227539062,0
1426,NoSQL-STM-thread-1426,85846.53759002686,0
735,NoSQL-STM-thread-735,86085.96563339233,0
392,NoSQL-STM-thread-392,86184.28874015808,0
1906,NoSQL-STM-thread-1906,85617.94948577881,0
1383,NoSQL-STM-thread-1383,85865.71145057678,0
1358,NoSQL-STM-thread-1358,85875.90837478638,0
649,NoSQL-STM-thread-649,86118.26062202454,0
1862,NoSQL-STM-thread-1862,85640.20800590515,0
1817,NoSQL-STM-thread-1817,85658.60629081726,0
1310,NoSQL-STM-thread-1310,85897.39394187927,0
683,NoSQL-STM-thread-683,86112.23220825195,0
571,NoSQL-STM-thread-571,86145.85518836975,0
1610,NoSQL-STM-thread-1610,85756.68096542358,1
1516,NoSQL-STM-thread-1516,85794.00396347046,0
721,NoSQL-STM-thread-721,86103.96027565002,0
1617,NoSQL-STM-thread-1617,85754.56023216248,0
1091,NoSQL-STM-thread-1091,85983.12473297119,0
1574,NoSQL-STM-thread-1574,85775.52604675293,0
595,NoSQL-STM-thread-595,86144.3419456482,0
1417,NoSQL-STM-thread-1417,85866.53232574463,0
1854,NoSQL-STM-thread-1854,85654.92463111877,0
1452,NoSQL-STM-thread-1452,85856.02712631226,0
1179,NoSQL-STM-thread-1179,86915.10128974915,0
1176,NoSQL-STM-thread-1176,86916.8164730072,0
553,NoSQL-STM-thread-553,87119.62461471558,0
1492,NoSQL-STM-thread-1492,86802.28614807129,0
1903,NoSQL-STM-thread-1903,86597.10788726807,0
1684,NoSQL-STM-thread-1684,86694.79465484619,0
238,NoSQL-STM-thread-238,87206.81309700012,0
1427,NoSQL-STM-thread-1427,86832.14259147644,0
507,NoSQL-STM-thread-507,87137.22467422485,0
243,NoSQL-STM-thread-243,87209.14554595947,0
1431,NoSQL-STM-thread-1431,86833.32395553589,0
1470,NoSQL-STM-thread-1470,86873.96240234375,0
602,NoSQL-STM-thread-602,87175.452709198,0
723,NoSQL-STM-thread-723,87139.57619667053,0
1480,NoSQL-STM-thread-1480,86879.0283203125,0
671,NoSQL-STM-thread-671,87160.02297401428,0
1348,NoSQL-STM-thread-1348,87819.63443756104,0
864,NoSQL-STM-thread-864,87995.55253982544,0
1878,NoSQL-STM-thread-1878,87593.82772445679,0
1643,NoSQL-STM-thread-1643,87695.40166854858,0
593,NoSQL-STM-thread-593,88094.80738639832,0
1335,NoSQL-STM-thread-1335,87848.90246391296,0
981,NoSQL-STM-thread-981,87982.06400871277,0
305,NoSQL-STM-thread-305,88190.43040275574,0
1294,NoSQL-STM-thread-1294,87886.59834861755,0
1499,NoSQL-STM-thread-1499,87810.2695941925,1
514,NoSQL-STM-thread-514,88141.58725738525,0
1889,NoSQL-STM-thread-1889,87618.19291114807,0
342,NoSQL-STM-thread-342,88192.6920413971,0
896,NoSQL-STM-thread-896,88032.958984375,0
986,NoSQL-STM-thread-986,88003.66425514221,0
1182,NoSQL-STM-thread-1182,87938.4229183197,0
759,NoSQL-STM-thread-759,88080.82723617554,0
482,NoSQL-STM-thread-482,88163.89536857605,0
362,NoSQL-STM-thread-362,88197.80111312866,0
1448,NoSQL-STM-thread-1448,87847.3174571991,0
962,NoSQL-STM-thread-962,88023.38004112244,0
967,NoSQL-STM-thread-967,88021.0599899292,0
1106,NoSQL-STM-thread-1106,87975.4638671875,0
1082,NoSQL-STM-thread-1082,87984.58814620972,0
1298,NoSQL-STM-thread-1298,87907.49597549438,0
1804,NoSQL-STM-thread-1804,87671.81706428528,0
1958,NoSQL-STM-thread-1958,87613.3463382721,0
1870,NoSQL-STM-thread-1870,87655.85970878601,0
1850,NoSQL-STM-thread-1850,88580.59549331665,0
1664,NoSQL-STM-thread-1664,88663.7716293335,0
862,NoSQL-STM-thread-862,89021.08383178711,0
1603,NoSQL-STM-thread-1603,88725.18634796143,0
1712,NoSQL-STM-thread-1712,88677.61850357056,0
246,NoSQL-STM-thread-246,89196.70796394348,0
106,NoSQL-STM-thread-106,89238.78169059753,0
1965,NoSQL-STM-thread-1965,88598.91843795776,0
677,NoSQL-STM-thread-677,89111.72413825989,0
418,NoSQL-STM-thread-418,89182.9125881195,0
1579,NoSQL-STM-thread-1579,88765.73371887207,0
1038,NoSQL-STM-thread-1038,88993.67189407349,0
1521,NoSQL-STM-thread-1521,88788.45429420471,0
1711,NoSQL-STM-thread-1711,88709.90562438965,0
1976,NoSQL-STM-thread-1976,88598.09970855713,0
1441,NoSQL-STM-thread-1441,88859.70425605774,0
1868,NoSQL-STM-thread-1868,88653.05852890015,0
728,NoSQL-STM-thread-728,89110.0811958313,0
1826,NoSQL-STM-thread-1826,88670.77612876892,0
1729,NoSQL-STM-thread-1729,88716.61043167114,0
903,NoSQL-STM-thread-903,89057.75356292725,0
923,NoSQL-STM-thread-923,89051.88703536987,0
355,NoSQL-STM-thread-355,89217.81086921692,0
221,NoSQL-STM-thread-221,89258.29100608826,0
1016,NoSQL-STM-thread-1016,89026.60274505615,0
1520,NoSQL-STM-thread-1520,89746.0241317749,0
1962,NoSQL-STM-thread-1962,89564.90063667297,0
426,NoSQL-STM-thread-426,90152.68397331238,0
372,NoSQL-STM-thread-372,90167.35172271729,0
835,NoSQL-STM-thread-835,90038.09857368469,0
1887,NoSQL-STM-thread-1887,89609.73906517029,1
371,NoSQL-STM-thread-371,90171.90623283386,0
300,NoSQL-STM-thread-300,90190.68694114685,0
1009,NoSQL-STM-thread-1009,89982.33318328857,0
1221,NoSQL-STM-thread-1221,89910.50148010254,0
1633,NoSQL-STM-thread-1633,89721.85850143433,0
983,NoSQL-STM-thread-983,89993.3054447174,0
282,NoSQL-STM-thread-282,90203.56750488281,0
1015,NoSQL-STM-thread-1015,89988.83485794067,0
1979,NoSQL-STM-thread-1979,89582.843542099,0
1819,NoSQL-STM-thread-1819,89669.67582702637,1
1967,NoSQL-STM-thread-1967,89612.87307739258,0
1374,NoSQL-STM-thread-1374,89885.05387306213,0
1396,NoSQL-STM-thread-1396,89882.5089931488,0
853,NoSQL-STM-thread-853,90075.7110118866,0
929,NoSQL-STM-thread-929,90049.62420463562,0
251,NoSQL-STM-thread-251,90245.27025222778,0
1183,NoSQL-STM-thread-1183,89967.07248687744,0
1070,NoSQL-STM-thread-1070,90972.96285629272,0
505,NoSQL-STM-thread-505,91152.24027633667,0
964,NoSQL-STM-thread-964,91011.32917404175,0
312,NoSQL-STM-thread-312,91203.99641990662,0
1030,NoSQL-STM-thread-1030,90992.45953559875,0
403,NoSQL-STM-thread-403,91182.2292804718,0
1781,NoSQL-STM-thread-1781,90672.00255393982,0
1471,NoSQL-STM-thread-1471,90833.51278305054,0
1945,NoSQL-STM-thread-1945,90606.64653778076,0
958,NoSQL-STM-thread-958,91019.88863945007,0
880,NoSQL-STM-thread-880,91048.29740524292,0
1034,NoSQL-STM-thread-1034,90996.07372283936,0
556,NoSQL-STM-thread-556,91147.52173423767,0
245,NoSQL-STM-thread-245,91231.90784454346,0
1970,NoSQL-STM-thread-1970,90604.22015190125,0
963,NoSQL-STM-thread-963,91025.75182914734,0
1086,NoSQL-STM-thread-1086,90987.04695701599,0
512,NoSQL-STM-thread-512,91167.16361045837,0
1059,NoSQL-STM-thread-1059,90996.40917778015,0
375,NoSQL-STM-thread-375,91205.14011383057,0
1775,NoSQL-STM-thread-1775,90708.32967758179,0
644,NoSQL-STM-thread-644,91153.65743637085,0
183,NoSQL-STM-thread-183,91297.1088886261,0
1909,NoSQL-STM-thread-1909,91596.42744064331,0
1675,NoSQL-STM-thread-1675,91702.52275466919,0
1842,NoSQL-STM-thread-1842,91631.14190101624,0
303,NoSQL-STM-thread-303,92194.4375038147,0
1658,NoSQL-STM-thread-1658,91712.66674995422,0
1927,NoSQL-STM-thread-1927,91597.30434417725,0
1953,NoSQL-STM-thread-1953,91591.27140045166,0
1255,NoSQL-STM-thread-1255,91902.95815467834,0
318,NoSQL-STM-thread-318,92194.56267356873,0
732,NoSQL-STM-thread-732,92081.39777183533,0
1339,NoSQL-STM-thread-1339,91875.65898895264,0
1871,NoSQL-STM-thread-1871,91629.90951538086,0
209,NoSQL-STM-thread-209,92234.86399650574,0
1747,NoSQL-STM-thread-1747,91690.11616706848,0
1031,NoSQL-STM-thread-1031,91996.1941242218,0
233,NoSQL-STM-thread-233,92235.17727851868,0
1025,NoSQL-STM-thread-1025,92003.6358833313,0
1929,NoSQL-STM-thread-1929,91619.60864067078,0
1980,NoSQL-STM-thread-1980,91602.37073898315,0
1282,NoSQL-STM-thread-1282,91915.96460342407,0
1751,NoSQL-STM-thread-1751,92720.36099433899,0
908,NoSQL-STM-thread-908,93069.26393508911,1
1468,NoSQL-STM-thread-1468,92869.30561065674,0
1689,NoSQL-STM-thread-1689,92747.83897399902,0
1663,NoSQL-STM-thread-1663,92760.92410087585,0
519,NoSQL-STM-thread-519,93189.55159187317,0
1666,NoSQL-STM-thread-1666,92761.14511489868,0
1718,NoSQL-STM-thread-1718,92740.3724193573,0
664,NoSQL-STM-thread-664,93152.42457389832,0
1089,NoSQL-STM-thread-1089,93013.70191574097,0
1636,NoSQL-STM-thread-1636,92777.7681350708,0
343,NoSQL-STM-thread-343,93240.75436592102,0
1746,NoSQL-STM-thread-1746,92732.38205909729,0
1621,NoSQL-STM-thread-1621,92785.6695652008,0
383,NoSQL-STM-thread-383,93230.65948486328,0
706,NoSQL-STM-thread-706,93141.63875579834,0
1717,NoSQL-STM-thread-1717,92744.63081359863,0
1863,NoSQL-STM-thread-1863,92680.7804107666,0
1740,NoSQL-STM-thread-1740,92736.62996292114,0
1192,NoSQL-STM-thread-1192,92983.42561721802,1
1605,NoSQL-STM-thread-1605,92799.00050163269,0
1763,NoSQL-STM-thread-1763,92728.16705703735,0
1132,NoSQL-STM-thread-1132,93005.45001029968,0
1931,NoSQL-STM-thread-1931,92657.96780586243,0
711,NoSQL-STM-thread-711,93145.925283432,0
1028,NoSQL-STM-thread-1028,93042.83666610718,0
675,NoSQL-STM-thread-675,93160.06827354431,0
1867,NoSQL-STM-thread-1867,92687.33143806458,0
1616,NoSQL-STM-thread-1616,92797.23882675171,0
1766,NoSQL-STM-thread-1766,92734.67659950256,0
1778,NoSQL-STM-thread-1778,92773.75817298889,0
1080,NoSQL-STM-thread-1080,93090.15393257141,0
1090,NoSQL-STM-thread-1090,93091.31598472595,0
518,NoSQL-STM-thread-518,94171.82326316833,0
892,NoSQL-STM-thread-892,94061.10906600952,0
1053,NoSQL-STM-thread-1053,94009.26280021667,0
1018,NoSQL-STM-thread-1018,94025.71415901184,0
1012,NoSQL-STM-thread-1012,94027.2569656372,0
1899,NoSQL-STM-thread-1899,93650.4647731781,0
1146,NoSQL-STM-thread-1146,93981.02140426636,0
968,NoSQL-STM-thread-968,94045.96853256226,0
1350,NoSQL-STM-thread-1350,93912.02926635742,0
1760,NoSQL-STM-thread-1760,93723.71053695679,0
969,NoSQL-STM-thread-969,94055.85432052612,0
1811,NoSQL-STM-thread-1811,93703.41539382935,0
1501,NoSQL-STM-thread-1501,93897.9721069336,0
746,NoSQL-STM-thread-746,94164.81900215149,0
1004,NoSQL-STM-thread-1004,94081.1493396759,0
1048,NoSQL-STM-thread-1048,94067.35301017761,0
778,NoSQL-STM-thread-778,94173.1367111206,0
517,NoSQL-STM-thread-517,95125.16903877258,0
424,NoSQL-STM-thread-424,95150.68006515503,0
1346,NoSQL-STM-thread-1346,94855.48067092896,1
1011,NoSQL-STM-thread-1011,94976.69243812561,0
1440,NoSQL-STM-thread-1440,94822.10683822632,0
229,NoSQL-STM-thread-229,95206.93564414978,0
1531,NoSQL-STM-thread-1531,94779.19054031372,0
509,NoSQL-STM-thread-509,95155.84564208984,0
1114,NoSQL-STM-thread-1114,94965.82198143005,0
219,NoSQL-STM-thread-219,95234.12847518921,0
1257,NoSQL-STM-thread-1257,94918.60032081604,0
1536,NoSQL-STM-thread-1536,94783.85877609253,0
1632,NoSQL-STM-thread-1632,94745.44358253479,0
239,NoSQL-STM-thread-239,95231.86683654785,0
1635,NoSQL-STM-thread-1635,94744.72641944885,0
1293,NoSQL-STM-thread-1293,94907.51314163208,0
729,NoSQL-STM-thread-729,95100.76713562012,0
1008,NoSQL-STM-thread-1008,95008.56280326843,0
528,NoSQL-STM-thread-528,95160.81666946411,0
1628,NoSQL-STM-thread-1628,94753.27324867249,0
1037,NoSQL-STM-thread-1037,95002.47240066528,0
1910,NoSQL-STM-thread-1910,94628.86357307434,0
1609,NoSQL-STM-thread-1609,94762.94088363647,0
984,NoSQL-STM-thread-984,95023.01263809204,0
365,NoSQL-STM-thread-365,95206.74967765808,0
1376,NoSQL-STM-thread-1376,94895.09606361389,0
996,NoSQL-STM-thread-996,95951.48205757141,0
179,NoSQL-STM-thread-179,96231.3711643219,0
269,NoSQL-STM-thread-269,96207.86666870117,0
548,NoSQL-STM-thread-548,96136.1255645752,0
893,NoSQL-STM-thread-893,96032.59825706482,0
1625,NoSQL-STM-thread-1625,95734.5073223114,0
1917,NoSQL-STM-thread-1917,95608.39176177979,0
169,NoSQL-STM-thread-169,96239.31431770325,0
1060,NoSQL-STM-thread-1060,95978.34324836731,0
336,NoSQL-STM-thread-336,96196.08759880066,0
1522,NoSQL-STM-thread-1522,95778.78165245056,0
1092,NoSQL-STM-thread-1092,95968.829870224,0
767,NoSQL-STM-thread-767,96076.36594772339,0
280,NoSQL-STM-thread-280,96210.99162101746,1
1925,NoSQL-STM-thread-1925,95607.37037658691,0
186,NoSQL-STM-thread-186,96235.68940162659,0
258,NoSQL-STM-thread-258,96218.68085861206,0
740,NoSQL-STM-thread-740,96086.99250221252,0
616,NoSQL-STM-thread-616,96125.56433677673,0
582,NoSQL-STM-thread-582,96137.15386390686,0
271,NoSQL-STM-thread-271,96217.89717674255,0
1528,NoSQL-STM-thread-1528,95782.28378295898,0
1547,NoSQL-STM-thread-1547,95777.3129940033,0
203,NoSQL-STM-thread-203,96238.6953830719,0
707,NoSQL-STM-thread-707,96103.23667526245,0
1301,NoSQL-STM-thread-1301,95901.63731575012,0
2000,NoSQL-STM-thread-2000,95586.05742454529,0
581,NoSQL-STM-thread-581,96235.69250106812,1
341,NoSQL-STM-thread-341,96300.64415931702,0
1450,NoSQL-STM-thread-1450,95940.67788124084,0
438,NoSQL-STM-thread-438,96275.59161186218,0
1057,NoSQL-STM-thread-1057,96086.32564544678,0
347,NoSQL-STM-thread-347,96299.65233802795,0
1726,NoSQL-STM-thread-1726,95801.02682113647,0
416,NoSQL-STM-thread-416,96282.38797187805,0
1587,NoSQL-STM-thread-1587,95862.75243759155,0
719,NoSQL-STM-thread-719,96198.71163368225,0
1334,NoSQL-STM-thread-1334,95987.66756057739,0
731,NoSQL-STM-thread-731,96195.45531272888,0
295,NoSQL-STM-thread-295,96314.93330001831,0
415,NoSQL-STM-thread-415,96284.21998023987,0
344,NoSQL-STM-thread-344,97168.5426235199,0
1094,NoSQL-STM-thread-1094,96941.22791290283,0
281,NoSQL-STM-thread-281,97184.47709083557,0
1783,NoSQL-STM-thread-1783,96641.41988754272,0
1734,NoSQL-STM-thread-1734,96666.40424728394,0
428,NoSQL-STM-thread-428,97147.45450019836,0
116,NoSQL-STM-thread-116,97232.1662902832,0
1631,NoSQL-STM-thread-1631,96710.10112762451,0
1930,NoSQL-STM-thread-1930,96581.374168396,0
1995,NoSQL-STM-thread-1995,96556.07509613037,0
1983,NoSQL-STM-thread-1983,96560.91475486755,0
1735,NoSQL-STM-thread-1735,96667.40798950195,0
216,NoSQL-STM-thread-216,97203.69744300842,0
1966,NoSQL-STM-thread-1966,96568.82929801941,0
1566,NoSQL-STM-thread-1566,96738.88850212097,0
223,NoSQL-STM-thread-223,97203.3896446228,0
1485,NoSQL-STM-thread-1485,96805.1130771637,0
747,NoSQL-STM-thread-747,97063.1206035614,0
420,NoSQL-STM-thread-420,97237.44177818298,0
1084,NoSQL-STM-thread-1084,97034.10077095032,0
1615,NoSQL-STM-thread-1615,96804.70037460327,0
500,NoSQL-STM-thread-500,97217.39315986633,0
1343,NoSQL-STM-thread-1343,96941.19167327881,0
293,NoSQL-STM-thread-293,97272.0754146576,0
1719,NoSQL-STM-thread-1719,96765.27547836304,0
470,NoSQL-STM-thread-470,97289.86740112305,0
